ZIP3	NO2_avg	NO2_avg_2007_to_2016	O3_avg	O3_avg_2007_to_2016	pm25_avg	pm25_avg_2007_to_2016
397	8.14396173400154	7.711206894606837	39.0483393665648	38.10903929889831	11.4039467555237	10.21019537930217
223	30.5822734849028	26.259471859836438	38.5716007676368	39.30928752250601	11.2116399264268	9.410308770071149
224	10.8862966102606	9.436090715889867	39.0717655581142	39.54755820552042	10.7403957504066	9.006853797795122
398	8.50066991139991	7.491353816409541	39.4869521619759	38.5191008336506	11.1272383428833	9.976538435368143
391	8.35232215053436	7.444153562602798	38.9438424560065	37.92811172803402	10.6868374530068	9.711260515437456
225	10.5832867264732	9.212652360690123	38.7807305386443	39.08733685525286	10.3921631648645	8.670173903889584
117	25.7326882456916	24.19216545488971	37.2733997630889	37.659557640768725	9.26488192842878	7.728764142503358
392	13.7830035985476	11.96079888759221	38.5734374129692	37.70236836613343	11.5536519957883	10.530692202776521
226	11.6655046319505	9.936185884084116	41.2279082720327	41.19167188098793	10.9676157031929	9.441662438816435
118	33.0090586138777	31.15231062700255	36.6457685139662	38.12134527453038	9.88407846476592	8.363023226471189
393	7.08636972555568	6.829330740617672	38.3922785340717	37.326585338303474	11.2067150762456	9.974310266975706
394	7.97359951342743	7.534609574951619	39.2482454388816	38.50586602856872	10.7436339779773	9.634352887158203
220	24.1916932602183	20.80365526406551	38.2984329292379	39.04046093289688	10.8845837603659	9.235750944475182
119	14.8966242947531	13.82471501475578	35.8644166241445	36.26493746615339	7.88649889763138	6.404806122269738
221	24.208473671913598	20.91288151404462	38.1136180382871	38.887371490187476	11.035577409466	9.350653632607575
102	45.0323910377858	42.63515039403693	33.3281840896625	33.935366918310834	12.519060524262	10.755908158960095
222	29.309989635545	24.52059309643621	38.3921250340905	39.25093192436822	11.7284715579803	9.95467323263785
103	39.4606093898772	35.50254800158486	36.4852302948609	37.18498598281313	10.8560378422225	9.198113777124426
104	39.3800557696724	35.99126564734576	31.675918878188	33.76697864436259	11.0425827597379	9.391479943602647
390	7.84051360224766	7.108639300996912	38.8408334799503	37.80428120418119	10.736570367494	9.734508362412384
105	26.1608525390127	22.6792744678397	38.0152045128925	38.44486505444716	9.6445795435969	8.253838223789113
100	43.6567041085354	41.43140512531861	31.6034703442811	33.28626865813515	12.1463149481559	10.167635559598628
101	45.3469341617925	44.00012792949723	30.9998166671938	32.84500012222335	12.2806122882715	10.302138139331591
349	10.8933251309529	7.037100672871588	37.4030190015445	36.90290678873607	7.04130275831345	6.381248450328981
333	17.3464769576062	15.38504743631861	33.1889608231223	33.10539374081077	7.32736079567253	6.8581447819839685
388	7.39754989080491	6.742773959349018	39.7940920855644	38.73656527632083	11.4035427181318	10.243390545431874
334	13.0390798801521	9.682120892742752	35.8966321406389	35.70439100973857	7.02892654151422	6.582082508341873
389	8.21137365285347	7.2577443383051445	39.4558148906811	38.07480703972607	10.4039598919676	9.339108181681206
335	13.7038920170827	11.18989932404259	39.5763612003614	38.70939713670098	8.72804168793358	7.68711389087386
336	18.4981143019841	15.55448793531195	38.4974021540983	37.97137828634554	9.43556811499742	8.2157775490111
227	9.62412211969505	8.31365594355841	42.2685056757601	41.96359025842208	9.63669146717142	8.167167100561858
228	13.4981160681638	10.570283980847783	43.5997645311198	42.82590014713809	10.1988712013713	8.877239457293236
229	10.3223818859243	8.761524615849801	42.3286072059757	41.75949346762423	10.3940421035403	8.812246436477114
384	7.81032864975505	6.9046569096425685	40.7382040134721	40.31729819233933	11.1397941678605	9.773515008778142
330	12.1330535771058	9.65342652812151	32.2957079247956	32.21114833323672	6.06118474578969	5.767650840539514
331	16.6653171308358	14.26255490644159	34.6616355192338	34.25966400345965	7.21002360703106	6.629953169094579
385	6.99617394337136	6.211373778903321	41.3061761348927	40.61799480092035	11.5572358270128	9.94476770101099
386	9.31855747612458	7.971983540008225	40.3881268101616	39.3940285083154	11.0205055437208	9.960578163270167
212	29.6064361862192	26.97307995997415	37.6035789674501	38.08198132217237	11.9858617684927	10.106143054306015
387	12.8825715095162	10.433567678423696	40.4480036556749	39.5559374346652	10.8700296191937	9.915705727148971
380	10.2558645755301	9.263147306408325	41.0695384039072	40.398394592126	10.9928709067753	9.867838634787775
214	25.1626056108239	22.59521206919728	38.998243678362	39.6290747958148	10.5607302526923	8.93096369179676
215	10.0577878868663	8.375314371437268	41.4646232079159	41.74625096943592	8.90394173277649	7.555796714218714
106	34.498251101484	32.041584083961354	36.9484182951993	37.79021910720485	10.4695576578501	8.938040861759214
381	22.35297117287	19.45165350492682	40.680253256732	40.31215509705362	11.8283556615382	10.587239886472396
107	37.9975561463303	34.97252162653142	33.7811203570655	35.36044462224939	10.8871180183787	9.303339468293602
382	8.03963112971786	7.091947944180023	40.693495479592	40.380955419836056	10.9456826505648	9.752954163613948
383	6.96335248639708	6.532801535238271	40.4625261731804	39.93034176580319	10.9825460923956	9.683669182542307
108	37.5534263050749	34.4865327300433	33.5528645511144	35.20557297587427	10.3229726047445	8.722683508541738
210	22.9915993313783	20.285494860688388	39.785915068628	40.096260674378456	11.7343648375733	10.047854399635723
109	23.2244775652158	20.28597365211306	37.8386374291828	38.31511703019833	9.98187067300523	8.40597834266093
211	20.4016958080171	17.831640873946778	39.7548333926305	40.10256719577412	12.1520843988361	10.401453459378622
498	8.63794296723488	8.082838561766613	37.1142627999353	37.33024413690337	5.10914028480103	4.736016250227906
499	6.79225943039254	6.343095404015644	36.7934575870583	36.92928679584914	5.4636338350566	5.149049063223082
337	16.1254761417131	12.849365669895509	36.6852721556861	36.17820256740922	8.32707787000926	7.167130585959407
338	12.2510738564552	9.5985161783765	38.6572012555146	37.78775981627065	8.31768799411487	7.356944030610174
339	10.7007053705661	8.351576001058497	36.7451066426549	35.94008694699226	7.07641056555647	6.423024628283162
494	13.2940070101263	11.658569498552678	37.7003831131443	37.927271028982304	9.29176595992344	8.221409942614962
495	23.7223724835554	20.60673185029032	36.6461843818061	37.40203845357653	11.2122333016979	10.087065492477443
496	6.41269625638332	5.686079906366504	37.9694014591776	37.915268573841914	7.60457606738375	6.73893856541509
322	17.8922988458428	14.78867134370388	38.3997041391229	37.71819347137667	8.85175604970025	8.039504198681035
377	9.4359740126685	7.412665126645715	43.3875042360783	42.64650125537911	11.0315491044534	9.211893604168502
497	7.5260554277947	7.509739288572827	37.0067915609633	37.31827746727897	6.44203644049446	5.806120012095773
323	10.5418423473671	9.314185470421222	37.0841368581159	36.10320431259731	8.86858538390121	8.058654050503918
490	15.5645204045859	13.371594365824901	38.1420837147119	38.49067266017142	11.2760809949985	10.07733011052956
378	8.80077519130172	7.156075871380273	43.3235681781699	42.59534107387555	11.2205186050829	9.372703772793406
324	9.68209569990032	8.663996664494572	38.7111255923243	37.61278932870483	10.2516343225066	9.120848644114846
325	9.49462705759367	8.427244439833268	40.310227324363	39.2085870527158	10.4671931883287	9.27247463142518
216	15.1205916223183	12.66871829626943	39.8512031244686	40.04408912533017	10.4309108257548	8.829633948863338
379	14.8205891744432	11.697390453614277	42.94161154666	42.92207362217353	12.681877664403	10.50304698273485
491	16.6220116323438	14.02957348272986	36.4721106796376	36.67374109047642	11.6917956485279	10.622124080592785
217	16.1515679021033	13.59689312541679	40.3902476648313	40.74306854467375	11.790106126725	10.36324205188684
492	16.2996495419845	13.78929240644871	39.0414679688537	39.14055044911604	11.3968514773701	9.823623891034567
218	13.1743278759768	11.401422514787873	40.3955328339203	40.56564256882233	10.4318005316793	8.765961923341184
373	8.82705752406661	7.63916065507342	42.6467943026453	42.0656188375292	11.6887692017959	9.979997748928184
493	12.5201783599936	10.83763523303619	37.9737001178933	38.18664628915265	10.0863868400033	8.974559368980113
219	19.016093856225	16.14780181880259	39.8870850628045	40.26551060441648	11.3864384179915	9.76066907030896
374	11.924193784601	10.602986456534849	43.0662460125677	42.84575450535929	12.0882577163804	10.167537731426503
320	11.3493696047974	9.377612300416743	38.3826349291745	37.38234912986293	8.57409620525965	7.818459133622341
201	13.4529681462137	10.991152191668412	39.6471831588074	40.01783503858975	11.3843970808129	9.8014806015252
321	12.2347598588615	10.00311317093621	38.2125556910375	37.43675411806988	7.96845634348524	7.128787479228904
202	32.0666171587752	27.74881159381188	37.7598739771156	38.98960097204809	12.1535590062041	10.107192329411246
376	14.6076618698939	11.415857715983536	43.931026038433	43.27205454103082	10.4368658438085	8.744317884607106
203	31.6824198999519	27.03689431078018	38.5117467224501	39.58516055923113	11.8712693361869	9.92273614499837
204	31.2509920074562	26.61846258780637	37.9463570362468	39.07651573671585	12.0716026313635	9.991098503115385
370	9.0845532601368	7.87550927006904	41.0302496696456	40.818863026921036	11.229841152995	9.801833102900048
371	9.10000729678867	7.936010574917388	41.1614389397184	40.92326875410278	11.4168741602578	9.951277563282979
372	21.1918467656037	18.92123523561764	38.9847930589627	39.62690195037171	11.5214557050881	10.08743203727596
200	31.425022658099	27.25326895730419	38.0823652887845	39.31937533389555	11.953092998092	10.115259134642905
326	10.1666369472474	8.112795901264029	38.0375060145789	36.84309350023784	8.26671778369527	7.444534664500966
327	13.8287351232865	10.792441168156891	39.1746731310684	38.42032222743086	7.75398671785159	6.8400466044852415
328	17.6534386536667	13.86100588313515	38.9311568687242	38.3135861694697	8.09746962079667	7.017968617151938
329	11.7312827867676	8.463146037907734	38.6676920558546	38.25837209363583	6.98579203331343	6.271760817913891
209	26.8135569994422	22.908209136684988	38.7967065013588	39.75889714893387	11.3160451257649	9.847428638778183
487	10.4994007187766	9.43754936476715	38.2351088147855	38.69165672496434	9.22128989595846	8.057912789176038
312	14.343002596295	12.56912862565691	41.6480280475224	40.78127581695169	12.4490822965941	10.877842215565614
313	10.8328013184793	10.322399788884907	38.0164598219271	37.7395186571127	10.0171255514917	9.049082795284363
488	14.424874390204	12.06932758567525	38.2335160871825	38.44289057763022	10.763207335148	9.373922293138383
314	12.8491026592603	12.34404024813144	37.1286437557744	37.29072505737943	10.9416770770705	9.939070278821047
205	31.94676328087	27.2775536874858	37.7497115082832	39.01850972968887	12.0158128943967	10.009838447495467
489	23.409760640544	19.19421308904284	37.5280982371748	37.895868221286	11.1708938490746	9.834689575134448
206	15.4903010474907	12.675101808403944	38.4253556641897	39.27393395259115	10.4730819406557	8.76015551206874
207	24.4512094486092	21.07739438281679	39.044059609011	39.88366228029111	11.2137434592732	9.623763902220848
483	25.6165479560568	22.18422217462146	37.9433935132379	38.35131714130072	11.206585850744	9.487485467942996
484	15.5709934146832	13.28451487154598	38.4763647683832	38.78022085741801	10.7391376741291	9.065886498352915
208	21.1928548185911	17.95187716494154	39.2742767478581	39.95804517628484	11.329147801108	9.815501262663968
310	9.03849365599197	8.336822352196329	41.1946488616984	40.41750684836619	11.8735308043632	10.536997020447846
485	25.014301284275	21.44092581823393	37.6958121534578	38.15663594058242	10.9442559787145	9.328603259239896
486	8.57658828800398	7.485859246287478	38.2377563190491	38.5781686713675	8.41278067334686	7.429933898972584
480	19.8671113147251	17.2426853407964	37.5528126146134	38.02295160220119	10.7602976540822	9.002504933829588
481	22.5066557318006	19.18173725224378	37.8995074520913	37.98364128718263	11.4558395001049	9.721505190581265
482	29.4508945484471	25.96068158690397	35.0310022413088	35.76915277238426	11.8916028556634	10.024539319079155
319	16.4705292126891	14.42353481657879	40.0930259105801	39.72337025179413	12.5057995428531	10.883301192975953
597	10.6498240807695	6.222631903696038	44.4940588414087	44.05825555531697	3.80733396320483	3.8709573069327012
598	10.4046274190984	7.255498257041224	38.8589546434998	38.5096884830914	3.68849535179275	3.6474649998570228
315	10.5884569380284	9.617388260292875	38.8538206702341	38.13407085222831	9.1131034321631	8.312285062823802
599	9.3925317429605	6.801677965753566	37.1811546884376	37.39951797202626	3.60873297178399	3.435980972691379
316	10.557122407465	9.66125806950212	39.0367497465976	38.11719890186032	9.81991768394344	9.07907862666132
317	9.15526768158594	8.127583052236657	39.8038795978032	38.83567095493539	11.4497968182303	10.416825911124487
593	3.81909312145409	3.750394738039826	41.219214384367	41.19671421408119	4.34253426643648	4.152687030665638
318	8.25682979231401	7.60387213494026	40.5390326401646	39.96112110262303	11.8245665472088	10.42651096667207
594	8.6201811264146	6.955582511634133	40.0090585140886	40.05693771896475	4.64940866322901	4.70257526323096
595	5.02239831552708	4.978044672998962	40.2343983687948	40.139438880722324	4.51425600985883	4.480315323668171
300	18.4597411549649	15.5721790640908	41.9190545049804	40.91108383910882	12.7556700167563	11.000061307317484
596	8.77249572267686	6.16051159558023	41.9147087121834	41.60157650378009	3.4437958613121	3.365040880352701
476	12.1224886521082	10.191105172433081	39.4069775332652	39.60791561429543	12.5235980979757	11.10673941583877
301	9.65761691300445	7.953677058219223	41.4381825223589	40.51943318205287	11.9374609658974	10.218284911986864
302	12.072491740853	10.348184568955046	41.5613226928508	40.71098993076005	12.6028047001729	11.014310593394727
477	14.8702660406814	12.66978260167352	39.3952609429909	39.77457146986045	12.8006794545549	11.387551022386788
303	28.77564138796	25.68361921404054	41.7286722557392	40.63724923839636	13.5559489197364	11.632550864997885
478	12.929692969515	11.732881147831803	37.8237183463717	37.85166209901087	12.1598702308254	10.667535554631197
590	5.58284578733494	4.535865532658321	43.3424676072925	43.005366827368434	4.05912904926972	3.898844398712105
479	17.456972786969	15.6949299084873	38.0163312048934	38.01316475894975	12.4787879486931	10.942082225454946
591	7.03006411286088	6.35538220400604	43.152858792929	42.94693921155012	5.45455230549287	5.164154544749418
592	4.09212935271771	4.042462153827383	39.3839031281744	39.46237957163473	4.90709152307044	4.710499072460463
472	12.2539496079379	10.39893461262434	39.4234684777098	39.09694614724703	12.5450851516821	10.819189279258225
473	17.6561819481243	15.63992377136388	39.5695744178602	39.311220142498144	12.4747543361737	10.816670731691831
474	10.7888381782962	9.753582854275406	39.1025435941131	38.86255473882749	11.61426790314	9.843449984514422
475	10.9161267518271	9.375786133569191	39.4591336826401	39.51869989357173	12.4276207521751	10.937814588861244
470	13.2254203732763	11.15331891352994	39.4210183353737	39.40390579910084	12.9125802838386	11.17016494393061
471	12.478717403201	10.194090624669432	39.5915169474203	39.44796597104629	12.3856083032845	10.820899221752699
308	7.78600639904841	7.797721985593461	39.9715344251777	39.57048236790769	11.528759424391	10.132006065413155
309	11.2056318984744	12.29969276436019	39.7542173630004	39.52994949878	12.1688112685124	10.605047865745274
586	4.76204167677023	5.007580266571746	38.9276124915411	39.39584304857128	5.44593337736122	5.115103567112001
587	5.1750708018348	5.158072482339966	37.6444245890564	38.12929848100149	5.74910990403874	5.421568565781169
304	7.99954044008044	7.8511753551593015	39.9333883853744	39.42069536623734	11.1654985546573	10.01315106763028
588	4.05127161637808	3.822991107524189	38.1872651060161	38.3031161441671	5.83414320499676	5.570825362239412
305	11.1790507285105	9.079113846178782	42.1570423492095	41.14722140381582	10.233341246792	8.60378920678228
306	10.0595696777013	8.830855470107359	41.3335952106425	40.50370505762949	11.7586540794778	10.122767481721583
582	7.79039931193413	8.384256941528456	37.2889622211201	37.55841305540364	7.20437353793438	6.477721895242317
307	8.85384240069783	7.703842765738957	42.2748889603575	41.5030420032818	11.431902059364	9.697525097808574
583	6.85408338478716	7.09996995464697	37.9900674411972	38.49573138447306	6.18230015722856	5.701896615313786
584	7.91663066195404	8.293631763539748	37.7646943828976	38.06620952691635	6.69638825614333	6.078489588196053
585	7.10521079577282	7.642024655382262	37.5215320816534	38.02590224665927	6.26111605750792	5.674169929226684
465	15.8905700864068	13.45168434317384	37.2909705118254	37.19507196710653	12.2458829993517	11.049638923943832
466	19.5627060107052	16.32921229972451	35.7429259495837	35.64432932272886	12.2589247746236	11.293210339418945
467	15.0030456610789	13.159094453475447	39.0151272975066	38.81582100913277	12.2842443368875	10.974028643014737
580	9.57679293324963	9.142741545185306	36.3939675311187	36.28902650076446	7.33932419903098	6.775330400005107
468	17.509513336797	15.13451339840265	38.5680717779032	38.55385446512648	12.4809807450545	11.136682768062308
581	13.4680431579069	12.031199201034825	34.8488482071588	34.57127397910721	7.64962838159319	7.058796518307118
461	17.1710517204999	15.385291659072958	38.925875154029	38.24658029396955	12.9150798835746	11.438189687632576
462	25.46663025167	22.74759425118786	37.6131096022711	36.93915613028779	13.5831828574409	12.233692451485172
463	21.7167872191258	18.89091690196964	35.7855233011324	36.02847761798563	12.2002356923966	10.888405338207653
464	29.7609932194802	26.53926811716553	33.8738005317941	34.43337646490624	12.879887448787	11.651239526214178
460	19.8498062028352	17.77421882830794	39.1244257775036	38.35243434639413	12.8349554301989	11.381160611149648
692	4.61655309291786	2.847831850275301	41.8290179486748	41.87342927220526	4.1822940171438	4.058630142592878
693	9.21085852481243	7.552711179254347	43.9029940245572	44.20859290567398	4.39330622397909	4.166411681047716
575	5.31309140435779	3.704905628254329	40.7571438465357	40.63162553966179	4.91170286246053	4.299572694374808
576	4.95681029899158	4.993494767995407	40.0608517166331	40.38481725544878	5.21535819974647	4.550273667757878
577	5.20425640535763	4.64194994477053	42.0261890065054	42.06621541862294	4.44584586541192	3.954808988439439
469	15.579472539421	13.882324823632985	39.1253110330817	39.00446767940789	12.6427107365214	11.147414308185462
690	12.6325966322769	11.323553680301226	43.0605469641439	43.64665970543995	6.48139004785478	6.187091035996401
691	11.8105623629076	9.75312125709554	43.5029951413994	43.98607038325309	5.18480313688737	5.042767947820587
571	14.4370293530171	12.764072180363817	37.90478091073	37.98389463328148	9.12844024903855	8.343541529240854
572	9.18515833365526	8.840971264630545	38.3266632796498	38.36025498100123	8.14503194107905	7.496742550764681
573	9.7693448437273709	8.599098022554456	39.4005225683276	39.38941185046994	7.46833917293438	6.82310883669766
454	23.6971613695781	20.02614589866313	39.6515710499536	40.23436993379416	13.3146921861777	11.619894375896964
574	7.86942245276288	7.760789206219497	39.0819797653866	39.263882379860334	7.27783584263478	6.514830186632174
455	20.6106534782564	17.36878221412583	40.6744647133265	40.58811720082383	12.8173191665417	11.281837767668819
456	10.6529801929518	9.411508437432976	39.7498808039133	39.64386843557	12.3952783335558	10.538634485277175
457	9.84575051220098	8.816845955391557	40.1111851752766	39.94272729941477	11.9954478882911	10.30624816155096
450	20.6163449740707	16.77721892009827	40.5534038777578	40.84862877686217	13.27464402095	11.638537083637239
570	11.3641285282106	9.699439617476271	38.3205729956659	38.24255115765804	8.60515225723728	8.075936291391661
451	15.0703958547189	12.27126830820397	40.6310062844464	40.54815295684903	12.9207029844968	11.299481915989986
452	25.4011437091458	21.2964205763047	39.4011904851776	39.6845294968579	13.213063119432	11.463734619843924
453	19.6949545730035	16.87431966208081	40.3360194237055	40.38016438067248	12.8820473035585	11.282819277541517
685	16.6463611122032	14.52378485959431	35.579695542604	35.88181581030877	8.99918353474208	8.629844483035594
686	11.4314806325975	9.557879614771194	38.260375424496	38.37470558126392	8.31629381978742	7.985949291443392
687	8.93961180370989	7.142475520448207	39.4339766682553	39.38618090131991	7.28642003453654	7.061598527301473
688	10.1526021505669	8.435633487101619	40.7082555415496	40.85809764121687	6.4193679290918	6.034327412759481
681	16.7529137210601	14.49595374063186	35.7512361676654	35.71138365409979	9.47992432810439	9.099522411068026
683	14.0265374036309	12.340543819000496	38.3142701931633	38.49268638298169	8.82702445939222	8.493863617726745
684	14.2142971798479	12.436394944228452	37.7286404914889	37.90995644546269	8.83783768396484	8.514355197191744
564	9.15047417478471	8.770475391550042	35.9918682011144	35.87892588088088	6.33706737977576	5.813752044556913
565	9.31926989872838	8.755761926985347	36.2791733092631	36.17727684774961	7.1177870213241	6.437913665374435
566	8.61321173528026	8.68206206160695	36.4401172451973	36.37167541347206	4.93040620375968	4.396640206342133
458	17.9405153838643	15.54549879565474	39.8503484370978	39.8313470080684	12.777051138896	11.198888671531057
567	7.86011533469385	8.262893791570598	37.1445221352343	37.25292207392686	6.65821792918755	5.853468200794453
560	12.6186533528044	11.670667938059266	37.1817963473236	37.19062533272916	9.28856155158753	8.387315312513913
680	12.6177032561837	10.398543399160136	37.1044522887084	36.96208561246766	8.94882457986188	8.66205683872985
561	12.0618952642996	10.888554258725943	37.8498004102518	37.8916660748466	8.20035207394294	7.560092346741388
562	10.1460181160846	9.721821726202833	37.6272846560528	37.64752242134163	8.07208711854516	7.200595310861323
563	11.0137373023386	10.356985800329264	36.2165559453823	36.01659674801026	7.53135875494544	6.795247111933208
443	22.6267084841345	19.8557204960279	38.3439270805293	37.9859724844245	12.8578994073095	11.509050587428495
444	18.0615569854126	15.67440215603741	39.4662177039376	39.52716203739089	12.1066124816598	10.647239009719636
445	23.8083130669343	21.00587944424771	38.0516651675788	38.2729512504198	12.2100537608511	10.693748703389518
446	14.6756633643122	12.56835886147741	39.8134778636967	39.86722853524999	13.2087947168663	11.55273628069639
440	17.9946788073983	15.70559067068786	38.942598290962	38.73683307727122	11.5371390314711	10.039322005465941
441	27.5096960842164	24.68864230289051	35.9145417884929	35.97092318327484	12.7410216052616	11.094069952279629
442	18.8038564808303	16.30738750305942	38.5903914094876	38.059081364614855	12.1219815128156	10.75048759394942
795	12.0251072009398	10.18798553820473	42.2005959794156	41.78722312202031	7.92198504016334	7.27812846602707
796	13.5690192294593	11.143885898485612	41.9029689701121	41.403784153780016	8.85794090193724	8.077512765887192
797	11.7376894013118	10.87425229068758	43.7436487907801	43.50003012542497	6.17531851202056	5.685586433284173
798	10.2028063976301	9.314864462657981	44.6864654180669	44.78600317327413	5.13187565980535	4.803732722548195
689	11.6700913085227	10.535509995615879	40.803311774937	41.09435344944869	7.84366560029236	7.4789441898972395
791	16.9567898897591	14.59668459181648	44.8698125244864	45.5148909475488	7.13897777130741	6.801010567585645
792	12.6680745342634	10.948717303762944	43.1988008960852	43.29285454230827	7.2487612125445	6.740531131725018
793	14.5923390639729	12.90007712482844	43.6885167596411	43.35782265144459	7.83610351119939	7.708338815577801
794	17.8197506802889	16.22138667662779	43.4712099348813	43.37437070182374	8.64150344131711	8.493954059329491
674	12.0082941294353	10.676872708434031	41.2461885245209	41.1756609820905	8.20322522389812	7.597024700742951
675	11.0598014290704	10.070056678958228	41.6551106522054	42.20810545735207	7.56926612711373	7.19926239666804
676	9.42260458007399	8.592780493738466	41.9206850278875	42.74906155454354	6.3735674074279	5.952841429913372
677	12.8911572078068	12.046661722408532	43.5273958845872	44.30511691362197	6.3696459404324	6.220529529283989
670	11.6053137275256	10.362968946149701	41.3445128190682	41.22245412158908	8.73718491848785	8.17860849862675
790	14.7645018697476	12.90171158482964	44.3528234466628	44.60610267893193	6.8588444648759	6.63145475676318
671	11.9162572595601	10.69006003363695	41.3081585117253	41.29084831776242	8.84337271150615	8.317843733572522
672	18.0063749645476	17.48465710444681	39.466357433484	39.34656632416551	10.0786742495068	9.44275813480155
553	14.0818383076555	12.355373465080369	36.3006492321117	36.09434755805188	8.94295053954161	8.114585201266495
673	11.0663059559338	9.21486314072605	41.3281791986944	40.7674201280633	9.61787103987657	8.984220549844864
554	21.6559540276203	18.55753281734832	34.6780014899293	34.28373149433673	9.27785378255642	8.515928970355057
447	20.3911373452537	17.595764327738742	39.667366411341	40.1745298124013	13.6892835671452	12.06547347352546
556	7.60489344746572	7.752375870726891	35.2389806712753	35.22588089837904	4.48995253240964	4.012987635827097
448	16.4336940165476	14.37493647171776	39.4458711609575	39.228015805552516	12.2068171148728	10.527480078363705
550	12.5396799833638	11.4522572521634	36.0729170773149	35.92669919699514	8.53835328603592	7.856154660505429
449	16.8013019537476	14.29034259330265	39.6741493879009	39.5356986680417	12.158059377237	10.644929563444155
551	19.730827208808	17.127690632119428	35.0091392116443	34.58679892473315	9.4854214171075	8.749059552481706
432	24.5746108690894	20.72546975309193	38.8658332725665	39.12608311081069	12.9127780242838	11.107823506755
433	18.0166170706263	15.62910233043501	40.3906806648266	40.2155201353388	12.7703781493828	11.076587183882456
434	21.5122450893824	18.51124644449556	38.7901944970347	38.64867103318253	12.179734877579	10.573102673704508
435	19.1296803235342	16.63485457773923	38.8290717372965	38.79103487990434	12.2448825458822	10.71809908738422
430	17.3669200667773	14.75377877022537	40.5841362910985	40.4727247475054	12.7686415302331	11.047488486547682
799	23.2655934364246	21.14248641411722	44.0711167593067	43.53626842849819	7.06099084746548	6.8175494916277195
431	16.7789692674688	14.10780823899705	40.5080668755725	40.36061952292186	12.7917320729625	11.069369800496178
784	13.6771533650797	11.192612217644166	33.7183966996844	33.20786150976685	9.82383490993178	9.64203640817357
785	12.1652842685919	9.747349732409035	33.2020065858669	32.38770936696115	9.98066022541753	9.611537529300932
786	8.09086044109405	7.145687144239911	39.223112222063	38.9910363622684	9.07951214485507	8.469608100561313
787	9.09357639577464	8.884535576091151	38.942941462679	39.00864739031893	10.0043790405523	9.468288926737634
678	12.7664933389194	11.78733741731135	43.2107285990658	43.67575919157082	6.64531216184204	6.466173877367406
780	10.5092606606746	8.906889040007401	37.8071581452433	37.308501165560344	9.07551418336713	8.410771423345452
679	14.941140584958	13.49199640730708	43.8188280189951	44.03054278326684	6.93753037926019	6.786318860343455
781	10.1562118301664	8.314555389669545	38.1390754116857	37.30263321090183	9.66220219521004	9.227710990751824
782	14.8882060780616	12.726155934272844	39.4501190658675	39.06125258942818	9.79252283094169	9.28078750652881
783	10.8011032567634	8.565792295310192	35.3919346226402	34.80875649372592	9.56976623830273	9.204376806408213
664	14.7632470780595	12.756793411598423	40.7451801659913	40.53028085294503	9.20838887055843	8.516339856270438
665	14.6105994891586	12.659486660855586	40.7790884377308	40.55685004998018	9.30474473467106	8.5847386669109
557	9.12140658463006	9.291860039894908	35.4007369577542	35.27595321950021	5.48908622718077	4.982380127754613
666	19.3237507485891	17.610174204293898	40.287015573969	40.2872386668515	9.82983533510733	8.93239124586828
558	10.0293508540509	9.926660631022537	33.6351361076296	33.10526431997991	6.2315623567719	5.54476704774914
559	11.0754672720416	10.513054126054802	37.281956242237	37.28330298625405	9.4322572455405	8.62238664188991
660	13.633965822277	12.099610032031977	40.3545384312159	40.03293049941109	9.98896640216289	9.137094342203747
661	27.0087005007981	24.58436912713612	37.4475581528023	37.08094743787992	10.5623257401429	9.434096970550872
542	10.358712742474	8.946921465397937	37.550874907459	37.749109209286	9.11809566289192	8.331599042240818
662	27.2460433263743	24.89129919522329	38.5781707392971	38.41006596425675	10.1128883833105	8.976350909219738
543	15.0435429125431	12.48586579435346	36.9388166516362	37.31114855017164	10.2495331190841	9.301325775051552
544	7.94722798160929	7.215594474546761	37.7669944000965	37.77272655255842	7.96978970060332	7.470425174043861
545	9.17931310939565	7.906026688733236	37.1912355026498	37.16236070067599	6.02127006526872	5.76543132922315
436	26.1772104872369	22.71830417647132	36.7897276502285	36.71695340534419	12.1694600379152	10.567086537045338
437	12.2167444168655	10.621771101833598	40.674694022037	40.6281057917332	11.1448095640599	9.67101235256125
438	11.507932996737	10.18180788828936	40.3580767639635	40.31158196027545	11.990887692547	10.353908151484877
439	13.0983815366484	11.164693354515913	39.8623744064556	40.16785532037877	12.4215355757334	10.687639356656568
540	12.1486107438064	10.786940847679144	36.3881892667775	36.21787117935208	9.04232172191595	8.4048427164962
421	10.9848019566954	9.409066540215973	41.0453421616575	40.84851116472182	11.5637547553603	10.280851940834511
541	9.14606526466799	7.81606872630821	37.5661444677268	37.883406123794174	8.03013214669926	7.439674618697353
422	9.57367835743832	8.283970401569695	41.5119798736692	41.24258794149342	11.2216698061659	10.027253540562343
423	10.3854140984796	8.823142479228222	40.6954198723303	40.67421324205576	12.0701927342057	10.728462789574033
424	10.8571224996357	8.934334768800062	40.8597270826669	40.83611563331198	11.9516573495191	10.70958987362235
788	9.88016066197083	8.854338624118054	40.0787893714648	39.79379040918492	8.074346862458	7.273178929479347
420	10.0039591119394	8.157571959190623	40.8285586829687	40.67761507538851	11.3726110051843	10.169472556261598
789	9.53985139485898	7.7918346113098496	37.7137024050492	37.20297366089766	10.5849928207457	10.024242783695044
773	10.4669775364587	8.806779752888154	38.0891580698492	37.29725527320692	10.8926132478804	10.321514627273391
774	12.3271747151515	9.52474613420611	36.7034176420226	36.00455757613708	11.6025113736198	11.10168762474942
775	13.373911446205	10.97049270700243	36.4244267018331	35.734985624445514	10.7077750310825	10.15329936918136
667	10.241245200495	8.58727910996436	41.0363539648713	40.33486987504356	9.83940427289392	9.112948122984022
776	11.0035600474816	9.489775423886607	36.7648518082816	36.22382820040228	9.80907638607298	9.202946606191565
668	12.5449162453405	10.900105566814528	40.9972793786956	40.63739664079908	8.16487221938186	7.433130708675385
770	24.8652041665161	21.9957280902672	35.6159659702697	35.21791973129293	12.605591301896	11.88239037521878
669	11.7025192571225	10.379617123739209	40.7747210293243	40.81499759374741	8.36975872725452	7.870587662802068
652	10.3118198439598	8.473168905167746	39.0054157123646	38.68156616224566	10.2056499294037	9.03952960538061
772	33.0987004799121	30.62236697853549	31.5935192005787	31.61569905204762	14.7888582199268	13.20934681222261
653	11.198053449296	9.748278551498904	39.6475231781284	39.38104858281367	9.79194152036132	8.755354236760969
654	6.83662819294942	6.547451872965474	39.3078384934966	39.10826778111118	9.94971236935872	8.748640222231405
546	8.42930187823982	7.911527601884705	37.4037936579168	37.504865717685	9.27280242542079	8.466314709952512
655	7.04132785121158	6.704053133865884	39.3786560479248	39.20595626035968	10.0017203361097	8.8191669134867
547	9.57571238926113	8.77409573988372	37.1467979611811	37.18075995861263	8.65880034158293	7.9760185982875536
548	8.65954445020143	8.507839958742949	36.0326131468011	35.82350023994477	7.17974881646214	6.553504978563905
650	8.01743699451703	7.140367160489048	39.0810457936437	38.8848543054674	10.175731965027	8.984321972771344
549	10.6332929888851	9.600720243937182	38.0209434477379	38.24437289611658	9.46138677243985	8.680143792557862
651	9.91656451230902	8.420082202429771	38.9676810467144	38.80242679844371	10.5580527296659	9.355507313148555
531	21.1544373808348	18.71872990859015	36.9514162181519	37.43832206067724	10.8436047344675	9.865983554418605
532	26.3806857287448	23.60509122728635	33.8925665062933	34.60047371477806	10.6374639377211	9.704004343332368
534	23.6609127302781	21.56581997207971	33.9711614885815	34.80445104950212	10.2554665361824	9.288036361663018
425	9.45869357593416	8.25698487718023	40.2458817906086	39.94669540598379	11.9683962081685	10.268863715428884
426	7.35762635933505	6.507841443066372	40.7578120305876	40.34915943872047	11.4451053825558	9.717117079565822
427	9.80038269560477	8.603610898863451	40.5511614192897	40.49081480888594	11.6395656718537	10.134921503928139
530	16.3871712643916	14.48166424570516	38.0744810355958	38.13092846680714	9.89714214649645	9.096065391854935
410	14.2035622570334	11.195333742152208	39.444888254068204	39.63731215675511	12.7613867304065	11.151265368653048
411	11.0911679621793	9.318808975176394	40.2108619823047	39.80915315077862	11.1865884110706	9.591618847585957
412	10.3914269388358	8.212914082616035	40.5661474717901	40.194134211466874	10.3364000800259	8.81423290317705
413	9.50009701224149	8.129738152346164	40.22973283551	39.95941014669672	10.5937394095431	8.918177281699016
777	12.6056983845291	10.578606689617576	37.1938903317029	36.59129798602226	9.90759599185579	9.42495083084292
778	10.0829191840323	8.166581537125086	38.3120528957679	37.72948408708785	10.9736826532925	10.416397825035768
779	9.90717199330905	7.6086886770050945	36.1167014077712	35.32041360851474	10.2939741111997	9.916297772783368
762	13.3003120444197	10.977188593007853	42.8652615795573	42.27344326541788	9.51245662639897	8.856505678609814
763	12.5579384360136	10.238598787029762	42.260299721853	41.77250591273331	8.46703890296483	7.846196522007838
764	11.1965137117874	8.938896637622198	41.8502334391794	41.169020587851875	9.17789001913155	8.32293067628426
656	8.37361179036304	7.547128135685849	40.0718710878167	39.74548342523755	9.81456408793486	8.737770492313183
765	8.91683881963012	7.197294433111781	40.1673235216522	39.97363755006903	9.6053835295571	9.064702263019628
657	8.74277014166181	7.886386662851964	40.061914263766	39.76847749217552	9.97861393583743	8.894790854992648
658	18.1938183369918	15.20698328324095	39.8338423637361	40.01907046797869	10.6167824556814	9.513231192023499
760	14.9633011755195	12.24497203299411	41.8390913887512	40.93773274935832	9.8497736808035	9.19288809130754
539	9.87772049500216	9.695400359476887	38.051771706435	38.2050133155942	9.31271435997751	8.70140518345329
761	22.4642788646597	19.914587780496518	41.2240835069475	40.26019040621999	10.5162979560858	9.84607713828295
641	24.6162149211966	23.15448187517505	38.3963501397567	38.20150806408909	10.5244045607102	9.405368309310996
535	12.2679110737892	11.600465516656037	38.0277816195326	38.22044388080077	10.7244455867254	9.811183616076692
644	13.9414416267309	12.601541889886594	39.423482287576	39.53784367571356	9.96440403588476	9.273993325543188
537	18.6948859301368	17.55591663106961	37.302324099355	37.80704218369433	11.1283291247896	10.253576743902759
538	10.682835194218	10.093466546172795	37.8199660426698	37.99436501497309	10.6436411718661	9.98196371206689
418	10.2692077567247	7.2414157909998025	40.7363211181413	40.44178381970974	9.57438800615976	8.063335491007258
640	15.7499226790358	14.122255517570041	39.8357723955124	39.55898298547709	10.2317357051388	9.231492716789987
520	10.233922910256	9.998218166489115	37.651711194433	37.851182749338406	10.3737736234988	9.861926484450667
521	10.2301075187946	9.920874762681445	37.5278820912605	37.67817084151034	9.69697106250657	9.048635853838555
522	11.5569668431974	11.084165055474857	37.0198012627517	37.36644383584179	10.1685397306622	9.747095802732137
414	9.52431063578841	8.236889859488329	40.7039873584898	40.27917775581292	10.4370957206822	8.931505116201606
894	11.8166550783616	9.463678829350075	44.0040975736562	43.96546573288298	3.43857797133365	3.486670030187317
523	11.4988042755664	11.065594556183244	36.9598410706164	37.32695606510071	10.1774743395869	9.748570824502181
415	11.1674970380708	7.588213096457128	40.2384750957215	40.12807221464378	9.4983991848101	7.981913239174979
895	15.8614611247397	14.597928446407341	44.734511123392	45.25341919024998	4.16362560176692	4.061702659627633
416	10.103038409503	7.443421188788401	40.012219456213	39.90146848392385	9.89662334368745	8.357837555951921
897	17.5396827982913	15.544402918567481	45.2417929686671	45.266309182898866	3.93064172095164	3.841136139649587
417	10.4633018987895	7.998380319242458	40.266929977374	39.88020372471829	10.0130419644386	8.457670079778156
890	11.864267705987	10.130146166224334	47.3414559507547	47.2388564662265	3.46354662267711	3.378696643363908
400	13.2838821073793	10.628749633501773	40.4804115131746	40.479820181723	12.7574155035662	11.216555363718847
891	19.0490881898745	16.08414339096331	47.8731406933901	48.07680316405222	4.08798069353346	4.070908738226535
401	10.7518593646089	9.202953016310612	39.9085185148005	39.85205166558203	12.4834771468193	10.935846617496956
402	23.6109570763125	20.19709731400473	39.1521730784708	39.44395045704629	13.3194158828779	11.718706257327993
893	10.1234395988458	6.469068128146762	46.5051922097528	46.39346076675645	2.82379410597649	2.794205275778232
766	10.046825040153	7.249511222348983	40.4702354845045	39.67040215812983	10.1713438279178	9.706683750526778
767	10.5450429871057	7.024904452405693	40.4029818288522	39.71983041041962	10.7346342464649	10.358970875138123
768	9.66754735889539	8.469510957350234	40.7003232615491	40.31228966373607	8.55734205909511	7.695798819313115
769	11.0399027512119	10.28808070352007	41.6900479320893	41.40205896082798	7.33808227339852	6.593788421954536
751	10.9925879455115	8.58862750167133	40.7306050573283	39.89053709670709	10.3775851508443	9.803924474604043
752	23.6586376346667	20.26270164351919	39.2828587627353	38.75360173081751	11.0356614457841	10.12798378950004
753	28.5966036936276	24.88855620187709	38.1131118681925	37.71486684766964	11.431087340071	10.41873164784759
754	9.67411093963705	7.869122204464827	40.8765056210848	40.10345488548993	10.4118175055317	9.706882825568748
645	18.2903649085819	17.30129765275994	40.1500544705	40.1708187676631	10.7967282860068	9.909885370600758
646	11.3010617069852	10.029424273156781	39.3589688148516	39.30879921431167	9.95053671847195	9.133568504584886
647	9.03033650920402	8.332949591045356	40.4892959912724	39.90776922095211	9.73834687653552	8.855338730898419
648	10.2415094817656	9.15658960815575	41.02364342645	40.39118880786528	10.2879366259429	9.327031991793419
528	14.2449030193498	14.037251524254	35.9717976968792	36.10948837051204	11.0246383315444	10.449432651346696
750	17.1366021488144	14.3696735153169	42.0650866852737	41.528989905834564	10.6469601300831	9.945552371189324
630	11.14399843646	9.732321904876114	38.423976800739	38.21861711869716	11.1333600632119	9.815181137618906
631	25.8616170383958	22.87187540616764	37.2966784754867	37.575559750409354	12.1844544184847	10.855272489998773
633	11.8888552987895	9.985672494955242	39.0266640686842	38.89994235909816	11.1395414820297	9.832017386850543
524	14.5035438095116	14.56276594599703	36.2241342134302	36.856092414137834	10.2055969531716	9.749228385218029
525	7.5820913227104	6.542197668636318	37.3529109281153	37.43582858283245	9.5560595318557	8.953372918455836
526	7.63248016114564	6.525602068786755	37.3185783841331	37.23020938382219	10.260515787327	9.647327375665379
527	11.3211251383161	10.732592723660046	36.9074744909535	36.91787818643423	10.912733819286	10.426563081089647
898	11.8702712140475	7.975764872624475	45.3464710989161	45.25543454289771	2.93542720265811	3.002714797472609
407	9.82040339732928	8.410159531836966	40.7819701735139	40.29929653537922	11.3768213422142	9.686915008523968
408	8.63377299566884	6.01885753019346	42.0559105635169	41.58523909053207	9.3276482381565	7.765830639670933
510	10.9455172550821	8.458682649373968	37.9648234391939	37.80308218549357	9.09965833256066	8.59158545821115
409	7.63413810172857	6.025627578915435	41.1635031183893	40.59724973823793	10.300594873181	8.589947713840086
511	11.4140471173754	7.840653956727226	37.6867674943841	37.4132649807843	9.21748829476446	8.590980869632457
512	11.7025032248996	10.055463146923232	37.8685857766727	37.84590949854837	8.63160267282177	8.139979539080409
403	13.0968031277832	10.758576780590595	39.9821389471671	40.42825169701806	12.2092853213197	10.566891821249614
883	11.1902498987512	7.254631732388875	46.4831931786804	46.22721045925071	3.81535802748294	3.756641248095025
404	11.5481429005649	9.514264637195707	40.4978149857722	40.55151455760236	11.8686922373855	10.184119725648571
884	13.3317024023777	10.21681365318734	46.1454683722332	46.21447889972023	4.25571303965143	4.206782554710915
405	20.0479556550211	17.13193446479134	39.6014836491821	40.718963855229674	12.7630665339384	11.002667020381583
406	13.7700461496779	11.201060750022974	39.603217038935	40.3232876622947	12.7268960028719	11.283105494630568
880	11.9748426665859	9.960413903078875	46.3004502294687	46.04483868508408	4.27830908046081	4.115615725115024
881	10.9843616572428	8.924037441281847	45.5532673325646	45.386482816214496	5.38946371118661	5.253554706676279
759	8.38986317199597	7.763338808216804	38.0029220914812	37.3322585655405	10.1332871132219	9.374038134179225
882	9.89009557270727	8.713867487377458	45.1329922671526	44.84447528672003	5.43618080074106	5.193640086619139
755	7.51336660656776	6.852212038256033	40.0585142120124	39.20992427851647	10.855076555923	9.951999748887102
756	8.39083834822517	7.517569051974233	40.2132818321554	39.04522638034246	10.3911899228605	9.561355092513041
757	7.54297469543985	6.4674239889901735	41.0310476717925	39.89646117542713	10.5284409044689	9.794975888868494
758	9.04160510365279	7.578135499968608	39.0896029097229	38.35598553783183	10.6844654144576	10.072765823769252
638	12.2745340120823	10.689806872146566	40.7946045082357	40.43525588830043	10.8989553575382	9.729421764665961
639	7.42441163062341	7.188400981650944	39.7510460030113	39.50701772253196	10.020159966677	8.85635411192705
740	11.7358651475915	9.828503348129486	41.7629879011978	41.37508910181469	9.36553514767761	8.789092384292841
741	19.4809393144794	16.91572053241484	40.7485153322329	40.70579362009876	10.586883017333	9.912700951650434
634	8.79312856530981	6.962701440900639	38.3676825104982	38.1998815338608	10.3617802703874	9.337083541778107
743	10.3081368928794	8.9002091763564	41.2510819182618	40.47284740600367	10.299982461711	9.61894839865353
635	7.95572611210837	6.927879430200213	38.2526074825886	38.216451723378846	9.70180054769956	8.948678117833746
636	6.09276313391883	5.993640469198417	39.5367251971153	39.22445535482335	10.4866678893491	9.189225302799848
637	9.60652366413839	8.616956041724396	40.1728004671737	40.151574828852645	11.025944357673	9.796461075837612
620	13.9292457783976	11.71638438926785	39.2364849155967	39.1139840339326	11.7357034064784	10.346854638219234
513	12.0235145182585	10.39477172415509	37.2296732314773	37.38456341320881	8.56556199502943	7.941532757466567
622	14.6809906598886	11.980006180003409	39.2115924583956	39.05973409350442	11.8888522198172	10.513158470951309
993	11.6402034202876	10.243194903418953	38.3473587976293	38.7124738297231	5.73350395307219	5.759754362406303
514	13.6254517179239	11.677340492669027	37.7468869826205	37.9264997712213	9.3909803567522	8.856662091490461
994	11.1225889948836	8.845456566885323	40.1341835477237	40.17300555770332	5.02342032503274	4.919295495018272
995	NA	NA	NA	NA	NA	NA
515	14.2015077266846	12.343838959882213	37.3219868346806	37.33636644313048	9.4072311533140809	9.047392865993356
996	NA	NA	NA	NA	NA	NA
516	14.5926150578431	12.930370087675568	37.1190538092822	37.50854041090181	9.10166063851715	8.765289212475242
990	9.8160100358296	9.526291095993127	38.4686459315668	38.578688592134526	5.60290746992107	5.434435291504916
500	13.6975999397907	12.424648814862397	36.757012779477	37.41571503312068	9.36418961330901	8.819633155574095
991	9.77367439978635	8.913237733440104	37.76488478536	38.13935598340408	4.92095824099001	4.876136660427367
501	12.7161310456232	11.539146700199113	36.707695827213	37.3931062167852	9.43397508082486	8.945415181870382
992	11.6243053864679	11.241119504624615	38.1734463658	38.137963048525734	7.07991698010239	6.663613715511899
873	12.906386567421	9.272325216166077	47.4961391147816	47.27906504232196	3.65035581393351	3.50205844074001
874	14.8679384756437	13.07251694028818	46.592007146336	46.507831156463766	4.19795922851866	4.004744177595738
875	12.9881540977598	8.511711106331063	47.5914640193027	47.74828935374699	3.0530746280009	3.02919610947798
870	14.7903915685814	9.944405641580788	47.4783634926629	47.36826733445051	3.7802990006376	3.668286784615256
871	23.9066490975918	19.83435629017546	46.7855094933607	46.77884917097851	5.34860768972014	5.107801455586468
748	11.1954036138825	9.563875482404057	41.1948540291256	40.93761537545106	9.14580550619848	8.767975059627855
749	7.33396677338266	6.756221921352803	40.5293838265973	40.35794872792986	10.1396853098675	9.520706792580544
744	9.3798998764976	7.961035421903086	41.1240350244053	40.69084866348762	10.2565270759539	9.69112563950627
745	7.11740512390585	6.845736626322166	39.9751814776609	40.20199301641384	9.72458983579121	9.17419164013808
746	11.6958240348289	10.510742177828867	42.3731751076563	41.79018586121666	8.9553893322207	8.450170589633423
627	20.9850614843976	18.33330325879337	37.1223703128468	37.36760681936133	11.7871451540666	10.562275056034546
747	7.939805511992	7.222990945915689	40.3247592814551	40.16990676941734	9.88055358592143	9.21229357490184
628	12.5720492389557	10.468805366746532	39.5337039328252	39.66047058002779	11.6462819699397	10.27194732108132
730	13.8740157630751	11.589325686226909	41.6745222355081	41.27235787081542	8.6711911374606	8.412605118168182
629	10.1290823574168	8.61702805681939	40.1760713620074	40.09461050659398	11.5042362370542	10.162025393467227
731	21.7776362633601	19.46831545314071	41.7192000926767	41.94032911151585	9.69883710261307	9.502440635705145
623	10.5645899902086	8.819945901015464	38.2750360157936	38.30781475741112	11.0646206275546	9.962583463533267
624	12.8304723706749	10.990643697065456	38.3687061286546	38.62944613903672	11.9699116920488	10.559278600737123
625	16.8843371435027	14.36264525042462	38.2892418616936	38.441639401661604	11.8120941947742	10.450899137021928
626	15.1686766598758	13.08221318811614	38.4619559099422	38.43364238186496	11.5338005395229	10.225983466463068
506	12.4326247306888	12.035758182232309	37.3930407914105	37.58997006908897	9.82108281045172	9.285244605154482
997	NA	NA	NA	NA	NA	NA
507	13.8979359424174	13.84710613368926	37.2058488809786	37.40444993116444	10.3177782565473	9.7698871305068
998	NA	NA	NA	NA	NA	NA
508	13.7064799439571	12.27551504839453	37.3181238808305	37.86745400668644	9.27799712796196	8.813801847049358
999	NA	NA	NA	NA	NA	NA
610	15.230654164425	14.260054634919634	37.9080852554744	38.09357896074426	11.4100302002851	10.210927979434711
611	24.4030708422488	22.37783869653683	36.4673777006483	36.99320331838223	11.543795594427	10.013122107901529
502	13.0001113340343	11.84291185696758	36.4564089952867	37.24175917948726	9.38448015082921	8.845787771518468
982	10.6525674431672	7.296775600811464	31.2086466055913	31.11714821277304	3.44914467163223	3.10087775115369
983	10.8069586848843	7.844023770223759	33.7290137599321	34.41755845189626	3.01599692035627	2.742682249665608
503	18.2601414120177	16.64396532348206	35.0648561780842	36.07227355133771	9.45301847796405	8.952961715603834
984	21.6386063631478	18.24936874878897	30.9528114941769	30.80550784659582	8.15558044334434	7.098271414350734
504	13.0357334582867	12.14565190734407	37.503783699106	37.68399143557357	9.52401507227364	8.750696487498036
985	10.6220065409722	9.369718569515081	31.9905170465167	32.32041915925635	4.50331145440037	4.250675832107148
505	12.9204698874712	11.457296679383084	37.2322114973765	37.55139791003725	8.97871230807351	8.357226708190051
877	13.4757967903287	9.119998246767787	46.9699090646079	46.99453761435891	3.13378578065653	3.1254471005982083
878	12.6146537213014	7.8462538212841935	47.227762710802	47.02572840942283	3.18215919072673	3.120402651675035
879	12.0589090445045	9.09800069387916	46.1001700505801	45.92522062534464	3.59008294818578	3.523211966073349
980	14.7828987948537	10.950787633347986	33.1362237379575	32.51299716260191	4.3261134226488	3.9568344005517613
981	21.5276751544928	18.01117544648294	27.7060507472913	27.10516317866736	7.35810820398204	6.341506757513778
863	12.8224285332211	10.482593689910171	48.1972843025669	47.65371035502631	3.74175550334074	3.517634900972705
864	12.1268409833016	11.155960212722528	47.6368254016107	47.525575421306954	3.69144960199223	3.429345701595652
860	12.7410164011017	9.702365344532417	48.6079575019414	48.17431973357544	3.58761327651319	3.434038993826686
737	12.9140349873498	11.469513460169292	42.4704732154231	42.30534391662863	9.01545864534842	8.840483952371422
738	12.5175515485276	11.248368284498037	43.0361889890336	42.98961466267558	6.75056527549818	6.474648292982608
739	14.6816051422857	13.033228596059505	44.2020177815704	44.35954966632091	6.15997828586422	5.949492326456255
734	11.4335651420876	9.506981228242465	42.1918884112274	41.98537071247979	8.90286839929848	8.339916487420403
735	12.6761402634492	10.486466998663657	42.3638464786344	42.02275974538008	7.95477725667507	7.491562611783711
616	19.4860730406787	17.79505269840715	36.4035301981857	36.57818997040672	11.9624353842017	10.727769915767455
736	13.4907995325838	11.643464004203135	42.5901649150735	42.34217318533517	7.57079936492607	7.192933972588473
617	18.302519785535	16.47374399618887	38.4877124066261	38.88605645971876	11.8404925152391	10.444363035869486
618	17.7193262649887	15.85152525050203	37.9300223951466	37.97279320296478	11.4790966389526	10.057380152061773
720	11.1124297666848	9.6892670401343	39.4888316479445	38.65151271149344	10.8154066446128	9.87542893663949
619	16.2949750155901	14.173739658650991	38.0213753555337	38.14726703594346	11.710884455147	10.308899225136592
612	12.3866902103424	11.664169870155737	36.7183867538696	36.76507127407143	11.0559091755913	10.348676132073587
721	11.0170351201695	9.649888090801188	39.3830356384323	38.57021339686654	10.9313667087987	9.952842515613794
613	17.8976562357941	16.48701650436454	37.1188674357238	37.50565289422193	11.5032613569162	10.223933980669901
614	11.9461804285214	10.697927738697555	37.2771062159052	37.34601225447909	11.1957141720601	10.262887154244574
615	13.7507174036423	12.27758533645509	37.2291172657214	37.36352172549115	11.6754481346123	10.342347788191796
986	11.4645363254202	9.873102960705697	34.0571082156551	33.4638441519494	4.11444872843033	3.942648697023116
988	12.1610705098791	8.784154260894192	35.6855853778813	36.233405126558736	3.70033535600092	3.471071103311933
989	12.2493328581447	9.601139856168182	37.396145426509	37.35002364199854	3.94327013780039	3.870719877008293
600	25.7761208177848	23.12689844828744	35.7583559882363	36.61114451868253	11.3948070124992	10.10413195060249
971	10.5996674505795	9.502672643445692	31.8827204932019	31.07676367782251	5.3890440754786	5.354053029527356
972	19.6161072474331	17.20193289130946	30.1331795234794	29.266990281650422	7.70083121405426	7.313360678402828
973	10.364230595788	9.27222933287946	33.9533580622745	33.22113809293117	5.49831180332349	5.427277214125338
974	8.3497543429477	7.107171378947602	36.4795654292524	36.30825253568005	4.2346851445558	4.281527703804306
865	11.8508615041367	8.911137766941708	47.8794663133038	47.57754600590063	3.56392028143046	3.428317064351042
850	37.7387291897338	33.96289524241955	47.1814157261222	47.67452406097434	8.01918743274484	7.756986522088146
970	12.2230428802579	10.639277749875411	35.0277041191098	34.13476125319517	4.38245966005644	4.282833469421334
851	19.0162923973105	17.902023543140558	46.9959601312809	47.0748495813865	5.83105808317599	6.098694205496684
852	26.3237898392871	24.25072806589607	48.923808501846	48.61773689435888	6.21224159515932	5.937496258909247
853	15.4863155506435	14.775679278818494	46.0195223845406	46.12713007595727	4.8365195289144	4.407046195824181
726	7.51662356519748	6.8495803061822365	40.904974300781	39.99334758217039	8.87735004633618	7.985359322675584
727	8.236144316825	7.418910280601415	41.0781373349093	40.15701846695093	10.2451988993598	9.529678490870104
728	7.49346864818078	7.007673051262131	40.3132978169079	39.815582309038916	9.83411463471426	8.905016055182369
609	18.8330468525739	17.13585982494182	37.3919329821227	37.73331234177141	11.8602425784527	10.443808258794249
729	7.5886521958663	6.900033783852841	40.4189622893937	40.28479154249416	10.1683799690659	9.42396559659667
722	16.7793264512682	14.95406197385867	38.2866911585787	37.695198141394	11.3836903304173	10.265169310150753
723	14.6436620089266	11.860946476361987	40.981553636026	40.27797463230757	11.1635938072231	10.079579281273826
724	11.6579450559479	9.906070595560022	40.5432818837382	40.05566952447547	11.1190885068794	9.919487134104848
605	24.735078886984	22.46102285273391	35.8471532063782	36.61171315262519	12.2758390872008	10.727878481543856
725	7.23012517866528	6.798208003085038	39.5706137436048	38.91237186898793	10.0459487065252	9.019383230402141
606	36.7155103080705	34.13287574151471	32.2985486913931	33.5964739811383	12.5869397591279	10.914790312387467
607	37.7648749985004	34.61601917456174	32.7371407169172	33.686491657518964	12.5707767527838	10.995247160865508
608	35.2060426341255	32.42040489402564	33.2941038693254	34.65727172631051	12.8102297562799	11.14665565908796
979	11.9263763496228	10.061679689538334	42.2130754063224	42.11041568151968	3.71722473352426	3.807427050704754
710	7.40583427181952	6.824609319812316	39.3099289820624	38.52717482190489	10.6991534273803	9.854439359597752
601	27.9744593611575	25.34562361617869	35.9472484549673	36.571049667232074	12.0439963965667	10.48000426462623
602	31.1444661742787	28.503762823702992	32.9343320821134	33.53305645896878	11.2704044498424	9.783015556034458
603	37.9995075265735	34.53190020482588	31.8878899655255	33.2290748529601	12.8564478541811	11.040629257964868
604	24.7353864100767	22.98433475064938	36.2889296558472	37.01336196537613	12.0902323992887	10.6735800731185
975	8.16638484964521	6.070837337971688	38.284029795704	38.25698919435223	4.197660118586	4.29037978785199
976	12.2171960419896	9.181985764103771	40.7787711631813	40.78082519809191	3.82444940804278	3.982346248967561
977	12.2070387933867	9.720677636289016	40.0582635832043	40.06716202026918	3.48335296632272	3.525377228875856
978	11.4979173786946	9.357064043431485	40.0977668744293	40.12918383130684	3.70837157946993	3.666207211662155
960	9.3376519233866	6.696910090735822	40.5005838497776	40.37899665028602	3.8339881535832	3.846102232958046
859	11.5744162047784	8.368028234241649	48.2530646480989	47.97846805464773	3.40883554275428	3.344084793881606
961	12.3256997398613	9.381421815046878	43.9009300225958	43.8965352355636	3.66086664071136	3.653262406062761
855	13.1211445233082	11.247535380478864	48.491961871916	48.34839317800643	3.6579727238918	3.52537997021943
856	16.6215697457122	14.24714527846243	47.5337956238493	47.60277552748127	3.91679266801513	3.710837171236017
857	21.1169651818773	18.85488222365086	45.7553070180233	46.03731540267201	4.44119109467043	4.171315684754393
840	14.7234890744025	9.114315654450731	46.7301059213313	46.36512814049027	3.72481838459808	3.727161203907932
841	29.7340408097113	22.59009309223373	45.5220976076355	44.25152629331719	6.85220938098563	6.328618024721795
719	7.09381525676164	6.851412348234371	39.0608487238972	39.16914850055774	9.90528890137887	9.054630881342241
716	11.0411480786414	9.549215930678173	39.1278680728624	38.27068382704095	10.8603508309753	9.88543446773685
717	7.91472545296808	7.604032417763635	38.4157659847041	37.5682040802452	10.8166692752999	9.833874009566808
718	7.1009725265533	6.701752941465996	39.5117156873356	39.065890644724	10.6603315655333	9.744777316483054
711	9.2341264472678	8.265821424920349	39.931058614776	39.458680480556126	11.3293646056784	10.504152429724405
712	10.3375812252948	8.80681771604012	38.1867885420918	36.455502391712685	10.455320174974	9.533926002982305
713	11.5497542597704	9.631193069401753	39.3188509581413	38.129374535237346	9.70658536755229	8.847893815479582
714	7.93866719882284	7.228006941183479	38.3149429595075	37.25544601520651	9.76937148458356	8.888251257081397
968	NA	NA	NA	NA	NA	NA
969	NA	NA	NA	NA	NA	NA
967	NA	NA	NA	NA	NA	NA
847	10.9185388745173	7.286314300149239	48.0827514153491	47.94688438376898	2.95980555761345	2.82209579880255
950	11.8148828602075	9.926013781173904	38.9266754668073	39.04610871677415	5.425481205441	4.904470312057745
951	19.5895877171466	16.41518335499657	34.539843858947	35.23490892168762	7.02669462413193	6.581532684480037
952	13.4789499472693	11.22313843395592	42.50607043883	42.17253931149421	7.42468128035037	7.087336901752318
843	18.7849909364201	13.454750827447853	45.1147126577101	44.22291801516177	4.72853195971692	4.703208705826554
844	34.529703524605	29.00534237360334	44.4352457116901	43.44387956024092	8.21779320344157	7.935393856302246
845	11.4294479201421	7.83759498463861	48.7285200338813	48.431447588796004	3.24948522369008	3.154696613986817
846	16.9012550209737	11.421396304884688	47.0967377893007	46.71185836958668	4.10391572888662	4.023085056675063
830	8.08086446560508	2.696338640206876	47.9102709856045	47.24826336325134	2.73628310826617	2.550726506692561
708	22.2737023059673	19.01758742515315	38.9441934940182	37.99386421295538	11.380834427565	10.161754917077195
831	8.32374064107855	3.344586559577377	48.080297074368	47.172216680570564	2.99847058565669	3.008495439273114
704	10.2867568359354	8.95651890192358	39.4067639309052	38.97136886237599	9.8660172713678609	8.769184936666733
705	12.0320985315377	10.277591739437382	38.9188264914672	38.21839702555233	9.98851053297221	9.130319242346989
706	8.98433660390167	8.183063121402775	37.2293648458222	36.45228913766925	9.58112941674943	9.032675984669437
707	12.2168589348992	10.438799949677366	39.643801863935	38.80299586317778	10.536184064297	9.584793972060568
700	16.7472340475871	14.66817332800542	37.7425926925913	37.26407287672975	8.50543282489958	7.785729252306184
701	20.6494392507727	18.11601989751454	39.3899302590845	39.09875171693212	9.2085328177395	8.025844274803232
703	14.369788931605	12.58202000195033	38.1671346890147	37.40595781432188	8.72717236719422	7.8300778004002485
957	12.0367808836201	9.892237230190823	44.2210080347481	43.63913780485786	5.65388579187847	5.232890210117122
958	22.7567243960677	19.85247482161962	39.0806631688383	39.31539959058624	10.1860276254974	9.427609542821301
959	11.1481482714078	9.283778579587011	42.6262107207058	42.44152634025765	5.68909891860041	5.335878598193607
953	13.4890912954246	10.744736286847377	44.7650228560693	44.53727983292495	8.11286121886567	7.855425369016765
954	7.69149018185018	6.751914600722035	34.8107604419617	35.17777951119305	4.22696534229692	4.152426218703286
955	5.27939552796341	3.879608657306002	36.3436241960863	34.9455656484514	3.44713606338201	3.54031768224155
956	12.4548211786613	10.37765869424855	42.0496341172397	41.763276562508736	6.84568238601939	6.283111180171163
836	13.6204793888185	10.343711143140968	43.2773671450077	42.90705707980318	3.91939019971737	3.944879695337244
837	18.5374522473677	15.69739331894371	43.1062517364625	42.25939988711074	5.19673653536825	4.96789447691889
838	8.63078117778617	7.174831229556207	38.5264142876864	38.61113277339679	4.32125109485287	4.2840919210895505
940	14.574647873656	12.356285094520166	31.2067027319092	31.81097059686578	6.84508679990275	6.337936078002236
941	24.9464098312786	23.74126288947609	26.1934526197502	26.81918742517722	9.58769686272189	8.94648167665428
832	14.3350175506742	8.585583050087173	45.9722227176057	45.44852906952318	3.6370541209656	3.633339278972203
833	14.7157139603102	10.641975128266811	45.2890993642481	44.93497970165225	4.29549907611437	4.38105738968415
834	12.1850233238694	7.175131560287052	45.9431234375656	45.54392551168455	3.95218472459465	3.991139299305896
835	10.5213528363688	7.611340220042094	40.616650946661	40.45679590886935	4.09876856079516	4.221744964187711
820	12.9686660598561	8.98494521682956	48.0537130660104	48.21072469469744	3.52736528019858	3.437561095992353
946	22.0927089679791	20.49991092990798	26.4901377333316	27.22051033137805	8.95244219658832	8.441209395984805
947	21.6637376430799	20.54888524753507	25.6922213433272	26.1511635312192	8.46479770471654	8.317669616288391
948	17.5918018067678	16.14890041448626	26.3280040308619	26.49495793730964	7.83996150283624	7.500223828860375
949	12.3444740369176	10.10407401898465	29.9001190269167	30.42046274655779	5.81232880795153	5.541108957687277
829	9.89847891480061	4.854579244933043	48.0438686905221	47.52269157652249	3.11677227377139	3.094367507021423
943	22.2390417409534	19.64399797874838	29.9861597668588	30.72238276290245	8.75713824560263	7.956770688866972
944	23.3252306272756	21.21159676753079	28.6209486081811	29.310451455183518	8.75509525895223	8.030425816823952
945	14.5013886604056	12.309969960191099	35.0004710008086	35.36310425920755	7.032107877055	6.584447198160239
825	7.05727671738837	3.243478655489319	48.2011690275882	47.66947634091144	2.98027767523279	2.960831326288283
826	8.22656085307474	6.531211014214517	45.0873724293718	45.0436069730808	3.58301642178907	3.334070988243365
827	7.44600697409237	7.185971953305393	43.7685469908596	43.89496159374872	4.24781613977908	3.81870545180352
828	6.16145404545385	5.310855003966295	43.5051604931554	43.198724811639806	3.47592250977049	3.291462430112015
930	12.0967233120881	9.322098984643707	44.1225310288783	43.80587150144454	7.8715973019945	6.984220461494589
821	9.1841000886488	4.201146071112736	46.8534838922294	46.5457625515425	2.34652449792764	2.2892920147700417
822	11.2488077912742	9.637591294561656	45.0562918867793	45.288635331578654	4.13489754108969	3.929778819411338
823	8.24567590722113	5.712646217656382	48.0874912946016	47.55119401896038	3.18331830634567	2.996671761078519
824	8.04452138457141	5.004989040961411	45.4499123490933	44.78076179977453	3.280388877708	3.179793481586238
939	10.0678773722958	8.337660208914581	38.488018637779	38.4831313680512	4.92570714509501	4.465098155691748
935	15.317099481424	10.645231518407957	50.1588999204084	49.530482965436626	4.37284539982948	3.998069534402481
936	14.5084647341733	10.889393706095921	48.5247946460955	47.826816928278326	8.44092047993181	8.089686844301992
937	21.8440007810189	18.34484196438933	47.9307201873545	47.08675630649767	15.3717623374251	14.3000220770224
931	7.25336237858239	5.37031473038709	40.6783234964266	39.92330253945695	6.18447363225932	5.639545313073314
932	16.1086164121452	12.49390481210079	49.1714875023339	48.55504276006852	9.66605244506604	9.159896056134523
933	22.2880510860136	18.73895894837142	50.6802148541443	49.76388649990447	14.3117517833346	13.821150798552079
934	10.481751559334	8.447727581002436	40.6432550283073	40.79332926300446	6.3171806857079	5.695257150239225
814	10.28323042463	5.985095322750043	48.6062872161075	48.4214370381808	3.08845381521899	2.975403027704727
815	10.4949140326803	6.9492957811932214	47.7318559806338	47.3770452394062	3.65250250669928	3.518989494850869
816	10.8432748760282	5.00250288599374	48.1070865944212	47.9793958001407	2.84725987951776	2.885677969585714
810	16.5944368346101	14.208841554929046	45.9801889111972	46.64336496315624	4.76784988391276	4.702139945396622
811	9.71846854119289	5.794925172279147	47.9206695303232	48.5773173495483	2.83865584211257	2.879943373577241
812	13.8622505867894	6.788580644216391	49.6240921637147	49.71839763139375	2.7446406141221	2.605502109741767
813	10.2459785282118	7.24604748150695	48.247616608971	48.32562004806958	3.10547731133535	3.109420387699225
928	31.2867802168114	26.19800518008432	44.634844048241	44.97771827067098	13.8879244238029	11.368260046794223
924	34.359496087273	27.41012808445763	53.1321840695328	53.09744682021115	12.6993106818934	10.136239388710079
925	23.2247188661009	18.54807976838358	50.660993357069	49.96539772075871	8.8896183060609	7.578665373858421
926	26.0579997740107	21.73041997168174	43.0035757355976	43.26958003588008	10.3492236296244	8.648870282676828
927	28.8118058215473	25.51767146358774	40.3111636470341	40.55192551478535	13.4105364270211	10.723841547904838
807	20.9081000850582	18.36881902769833	45.2346812329014	46.20357860793367	5.86816536554706	5.851423692716068
808	21.6972967339891	18.219020986010793	46.3632127754679	47.29577194942104	5.43790167946106	5.456870180054427
920	16.8638563779208	12.276842608106167	45.7261896911801	45.53463908227165	6.77061022632055	5.914678176858963
921	28.3282918341148	24.3609892705906	40.5844741652021	41.14744991563778	10.4757021929274	9.469377713498293
809	25.542332835688	20.50215325146598	47.7098001695017	48.57907323827469	5.14881197610566	4.951746283492592
922	16.6906817373346	12.745610483284539	47.875763078516	47.75873967902168	6.15227984778152	5.343397625595954
923	21.3789616498777	18.18539827726173	50.6720454797411	50.50006376485508	5.2943815241842	4.638071863104715
803	27.1384974641223	20.38464540551558	48.0331373154603	49.06328426127562	5.0203777144866	4.678293981032897
804	16.3001512928133	7.017768373655357	49.6662843666833	50.06507740305892	2.71312211330527	2.61893867766103
805	20.8530687071721	14.21789780914036	48.1189840357412	48.864836216373604	4.25892673533439	4.033696128405279
806	27.1723307655129	24.745439206926342	45.363912490968	46.52009089365623	6.8324154473457	6.72713853551606
800	38.4584928435577	34.96288690774444	44.6837992101005	46.37230451385033	7.99792285831204	7.520624353902855
801	30.9902450248863	25.743263512848458	46.9027874148142	48.17135359684683	5.51905474625492	5.509900371167865
802	43.1435050985336	38.81929557600321	40.9349452611345	42.71967092390967	8.97338597643781	8.138129000368275
917	32.0469456563104	24.38833854552987	46.6736922661528	47.43636276095188	12.1405903346832	9.849212055974053
918	40.3242180634856	34.54708637764437	39.3621147481923	39.95516183993646	15.0446006035094	12.163142510322395
919	20.3892885158568	16.967376390103844	44.6595440428379	42.95372663558677	6.19780300505209	5.419946310151171
913	24.8015155228076	20.44424883063583	49.2006374399355	49.13014148582693	9.21409247774637	8.10656422269748
914	34.5706667960348	29.10283664128432	45.2409500279341	46.1060806752455	13.1609821618563	10.747483241101015
915	40.5944881465879	32.93056027744356	42.5869159002387	43.788105124642	15.1825750966017	12.445294848620808
916	39.7846142961373	32.779364314923896	42.4664500810731	43.602895230870544	15.2994735240848	12.26685592789537
910	30.0284320217422	23.32704620548278	45.417963594815	45.57345533187626	10.6622094265214	8.852737369415633
911	37.397639266249	30.976160618171512	42.0844852105969	42.42891928824544	13.7345357228082	11.069174091357205
912	37.6406711251383	30.09828993641419	42.8105898950136	43.60372645529185	13.7576800817901	11.282787321351982
906	37.1276602704951	31.66749097364412	37.325191719359204	38.66339840100029	14.9991319536677	12.037435107987482
907	22.5417125783919	19.20847438412921	32.9920639067203	33.64324122664653	9.5724015705554	7.795006526993518
908	34.6023045577136	30.9577965418362	32.3269669831411	33.31499690783327	13.6384789961008	11.162959512642516
902	26.0444795427527	22.32443104682653	39.6280727626986	40.24707395268878	11.4343109224514	9.467998017072288
903	34.2396232955075	30.68801607829726	38.1944153320626	38.98471181939244	15.304700544919699	12.4052138745107
904	31.9109441880146	27.82069434012168	38.2873299994293	38.75086992867671	13.9214177410393	11.170799371351386
905	35.786929280729	32.31127388999888	35.3926950945385	36.20232502019303	14.6995608855096	11.992372756498876
087	24.3868492138491	21.73401389249333	39.0943248060846	39.01543632088328	9.08993655136353	7.579631795056695
088	20.6669525664858	17.80178991196735	39.1382523756791	39.21161143744218	10.9222211667269	9.467228332590699
900	37.8664992999616	32.94355112458741	38.3867030221485	39.29420226163591	15.4627349073961	12.72367845457589
089	24.9174772935655	21.32337212551602	38.9143159060762	39.24633604089942	10.6376233232091	9.222057466564028
083	17.439653047989	15.41776841184183	40.0744867637888	39.93236009868533	10.5337723829028	8.901444501727683
084	21.0151039478986	18.97518573408436	36.1709665851521	36.52270439266328	9.60100693941459	8.187782176919423
085	20.7089877415749	18.01956061993356	39.8530650513538	39.76588698744267	10.43531210135	8.955067049742846
086	24.055329386797	21.22294445801484	39.4274945972817	39.49938334696212	10.8948385132421	9.363314786384025
080	23.0991230359704	20.26657754951397	39.4013230432782	39.59766209014324	10.907845503138	9.440446657182282
081	33.2604825397055	30.41795391099817	35.3715601528383	36.05755147099369	12.0986768433418	10.688392943313374
082	19.0196657569358	17.47363533238573	39.4643425334343	39.71755373827803	9.18337843971885	7.892527994995688
197	21.3976966628915	18.05669397715714	38.6525754368039	39.19076224906256	11.263322778567	9.656415652303675
198	26.5575447114158	22.62197355560147	38.3272438188116	39.23802024439272	12.3276262136843	10.648320202614642
199	13.5847296751875	10.734590282922948	40.4593114272513	40.88671543810406	10.9568227049092	9.2351656582354
193	20.3331202145356	16.7046934601522	39.5763379218327	40.01425528913996	12.5683667481098	11.201506937241852
194	24.6688964275937	22.17265925817421	38.1861053452577	38.927381740241984	11.7778860135957	10.249114487962313
195	16.9424019673704	14.33115916907412	38.6031813792133	39.31338628183826	12.8105595223582	11.181778058541541
076	34.4821406288273	31.77281232265988	35.2673875038786	35.80520718098159	10.8249484886553	9.229905231642084
196	21.7144491323687	17.37381282229934	38.3098066213877	39.54833934380598	12.9200563728052	11.272261018041943
077	27.6994772396414	24.125134443768822	38.2529607653511	38.41755265442492	10.2288701676751	8.68229235362478
190	28.332573967576	25.34031008650685	37.8460339433835	38.72239365180346	11.6897585330876	10.328697499313716
078	16.6059117274965	14.93218487429519	38.7020470751846	38.49286419971093	9.84120446957667	8.428359847147632
191	33.525186916096	30.25301312743401	35.1990136995329	36.53607774909824	12.0819061507581	10.707598028142076
079	20.9004394475257	17.6250936046012	38.9566631309591	38.93555424157988	9.99184835366541	8.618529279787332
072	41.9122662981875	37.55433643422144	34.6279941696738	35.75551493408931	12.0856165910794	10.459693450543178
073	39.2327738915142	35.39326429495069	34.0996880038405	35.17147124156187	11.9566688161407	10.126603853287373
074	24.8853849973791	21.82327616098219	37.8863583196824	38.070639148704686	10.0003039306033	8.327204668500643
075	35.0578976869046	31.9004548852755	35.5247358281767	36.157497575366236	10.888644272485	9.150548193505916
070	35.5064181442319	31.510513533055118	35.8953620862646	36.5562570404252	11.1278541490036	9.5540845205266
071	38.5092337121147	34.65908096924415	34.0392891236162	35.29504123484084	11.8910183977964	10.096447432916943
186	12.6909570472878	11.80958513908093	38.295212138981	38.431366524960296	9.40543293977275	8.265343411140291
187	18.2385810371098	17.26550708703767	37.4900660900275	37.74714965383049	9.58983038230242	8.519756485041514
188	9.73394719621555	8.780748326918777	38.7932423961363	38.76596975070845	9.47313816055314	8.327821980842485
189	20.8527368066489	18.10683608196888	38.8501772612076	39.24086457200506	11.2863581234026	9.964239184353
069	26.2451390140037	22.90889719959739	36.7211364450692	37.32646488140696	9.33972926307589	7.844599321080334
182	16.3760684349162	14.85301294284768	38.3900886584738	38.66715216514982	9.95562977475319	8.784452748282336
183	16.5791919370572	15.65603011944188	38.168554165158596	38.31693003940825	8.89026365280362	7.721196317948298
184	15.0768803300319	13.91824057608412	38.4274871337974	38.71823518065262	9.28199551424749	8.23113067231179
065	26.0716604637295	22.56027726385779	36.7321439862178	37.088808018633166	9.62050134493646	8.076340610259926
185	23.3008740045673	21.14922025746014	37.4841654706964	38.10500667830821	10.3825634014386	9.442691271195093
066	25.8367694403389	22.311026454140972	37.5904201622152	38.22870944020425	10.2382624417443	8.645851280093174
067	13.897386876439	10.692712727859213	39.851984379622	40.23009642476842	8.24578892521517	7.164619881131069
068	24.1485164235651	20.59897748612898	37.81315537498	38.39898122927479	9.61055184464659	8.209392410358168
180	18.6863980705043	16.54438705774931	38.2103482149862	38.53742822296355	11.8644214466375	10.547668053315077
061	25.4456736770661	22.35553583608062	37.4379887475232	38.63303920783406	9.23639597430878	8.0653366917188265
181	23.5410658489528	21.33965781311828	38.189800391557	38.78181613770264	12.0925876584916	10.779502537251716
062	14.6779531812222	12.866166808787915	39.0916966869899	39.29335553691975	8.01863432863087	6.878995687764256
063	13.6812338964614	11.97999381338977	38.7355528126368	39.17030349782162	7.85747212458666	6.684086127854484
064	21.2174599966531	18.22359339948298	38.397200662166	38.74221614477067	9.22226779601364	7.817968032485843
060	16.1025485537198	13.81722442120219	39.054230255346	39.6859167537798	8.22498187968354	7.148447921435071
296	12.0615132670037	10.374544989421917	41.8601721352406	40.7838487499016	10.8313109680462	9.178747591226598
297	11.3239006525267	9.244711268753045	40.4603926599239	39.38612011599136	10.9159572594436	9.35835292922528
298	7.20359781094048	7.385484900398097	39.1967755135931	38.67414949486142	10.8134080363034	9.575306001236548
299	9.72283626486815	9.259656502561143	37.5190019883343	37.074968060816	9.649889705442	8.728156142823577
179	14.912378064148	13.03725523054115	38.8932896985556	39.34738535848441	11.5652920060362	10.103514532373634
292	15.297324099234	12.37907541939749	40.2820928121421	38.88359495760952	11.5003062950319	10.073197683928377
293	11.9800592272288	10.387551077311507	41.2632119195802	40.65628892120789	11.3153999530856	9.708681236361775
294	9.72393541634724	8.708516628663508	37.3737816570073	36.85848253272871	9.23791661555792	8.215357949928293
175	19.0123487225779	16.08266843050251	39.6299910616186	40.01172313730983	13.5363365750998	12.05717673219791
295	9.13617740632763	8.422225773611132	39.4226705405289	38.89491485581172	10.1865753899973	8.963934382850066
176	21.4435387845333	18.79363381408576	39.505162320648	39.85901569305526	13.5406725910439	11.9629750759091
177	8.46594984192391	7.573680934804491	39.4252809431583	39.63679640749836	8.50122261556546	7.662160528207898
290	9.12196493379994	8.418638094329628	39.5392980473207	38.57392925410845	10.6574997018827	9.384354861393621
178	11.3730616583633	10.128514221336097	38.7374948066022	39.134171848537534	11.1259116286795	9.785815823038668
058	10.7502375822936	10.228976587536804	37.8036277294845	38.3254042886685	5.94416338643429	5.383932338543643
291	8.31349680832869	8.076882700580033	39.2042602673522	38.32280292447055	10.761803442781	9.491364996389173
059	11.3638279511178	11.33281104361657	37.7176875176025	38.65276089042483	5.82605674125945	5.183266664412411
171	20.1417380114236	17.18365220568612	38.4688774728496	38.77031394376912	12.5330462411053	11.02597678181285
172	10.4586702362194	8.876020293970136	40.6069355271648	40.61316525838287	11.2590013943974	9.969641681663925
173	14.7054963129911	12.34403385220289	40.7110330990973	40.77827339125838	12.3043652635436	10.800110808927112
174	24.6421785123994	21.367901933423838	39.8682475731142	39.98834116040938	13.3884504225926	11.576472598532055
054	9.71324703419828	9.129554898390698	38.4600004110966	38.6373248885099	6.18729804654481	5.670955829366043
056	9.9676784498067	9.431886441159405	37.9683301285016	38.22389461286124	6.06052231867697	5.458414399085899
057	10.2548402483453	9.593570585346745	37.9423035627757	38.06049705563692	6.67270227343392	5.992219588322579
170	12.3533801622626	10.716069492232354	39.204882146632	39.62585917453673	11.8407688542552	10.488429145867142
050	10.4578891949637	9.69148980152019	36.6970764114456	36.72026851325026	6.42033701716564	5.722908806835357
051	10.7331015479408	10.075226047591938	37.1739903591198	37.57523012724866	6.29527829193174	5.606508650334263
052	11.8710511037319	10.754281506201464	38.567289708377	38.85431397905269	5.79823654544224	5.069921326599608
053	10.6513653048935	10.104935163596972	38.1545828697851	38.41175434672819	5.67600147859002	5.047027040213248
289	8.04074552935829	5.812796720721454	43.3453586283473	42.50728212369936	9.05427078963859	7.523053750394974
285	10.6070604496187	9.395281267061575	39.3572692551612	38.97686414601276	9.52040423055585	8.350686523458554
286	11.7948723038203	9.497309254318772	42.7867712481802	41.98713787069299	10.4018320117114	8.665076184101032
287	10.3170644195263	7.017655776931675	43.8454835787779	42.93874017861779	8.46395467701906	6.994322480130496
168	11.3861825521866	10.207374753727077	39.8360058674954	40.105213814705166	9.95868251805369	8.677959941922161
288	17.6344748376219	15.0783887360492	41.7452329905632	41.65479050315106	10.7961007211575	9.144570032185872
281	11.8624494436589	9.744150444619098	42.2419773702751	41.39440027212546	11.5559040861131	9.840985402143694
169	7.18513809225598	6.142264859482915	39.8801227760049	39.85188206750964	7.86589575670164	7.085791721545666
282	24.2733511337105	20.26753487988703	42.2355486853738	41.43298499361711	12.0878327788641	10.265466307496977
283	9.09651165362321	7.942178614929676	40.7385974827056	40.16412634238625	10.8230634126563	9.367096424010006
284	9.64937120690234	8.945761022107108	39.3813959491297	38.82714193976388	9.83004313073664	8.594291096684767
164	12.7714246481762	11.445256923832657	40.2478548835288	40.43962872092307	10.7623635652532	9.669577513280345
165	17.7705678175552	15.10573201056077	39.0321016533018	39.30707887948305	10.9255929371077	9.960655255621697
166	12.7002166375439	10.841219296189172	39.7066526043994	39.91754963887538	10.9592961225442	9.584501869491701
047	5.35103417106544	4.832503965586123	33.5805386279124	32.8369437220698	4.9837440083336	4.651985694510204
167	10.5092071043886	9.506077316562576	40.5376882514008	40.52369081920621	8.42093840819125	7.419401225314682
160	17.0578082941595	14.89746292441944	39.0180998968561	39.41085829628658	12.1460770184722	10.613142835401053
048	6.76347664015524	7.08824371962236	33.8351125428662	33.72150415939405	5.20994294711135	4.497213246587847
280	14.1958246352553	11.76641904899923	42.4075391417693	41.57427778715116	11.6260631287949	9.87593807923343
049	9.58692787107939	9.760133198815096	35.8922732265563	35.82215395495681	5.94821421912619	5.225583906300509
161	17.3635711193861	15.34866747773991	39.3588297441179	39.63176510258228	11.617128256959	10.326048478681047
162	13.8676395824974	12.96058261341964	39.8073146513969	40.132351143667414	11.8464867313848	10.259618005315943
043	10.3103313133884	9.843608275239351	35.5159002825586	36.03769982974731	6.62119129501121	5.679098029043619
163	12.9477067517199	11.967904738806766	40.2351845362513	40.41196896805464	10.055278253644	8.931851619247444
044	6.98449887417592	7.728393870473858	34.574244311068	34.07054946155617	5.33327540674912	4.784922611740894
045	9.34498188460947	9.555630108021465	35.1308727385727	35.37635427711936	5.68172983251595	4.938931901433308
046	5.15031424752203	6.463785341391863	34.2060866781462	34.076709091812816	4.17954542422434	3.687345679660261
040	12.4970091024346	11.741429002972739	35.2232626714768	35.97070254567875	6.12623161668004	5.340597453165341
041	17.3025363203078	15.28942374735076	33.2249847411887	33.50382907502705	6.91639532900672	6.097523450319204
042	11.1259867821386	10.709581077817727	36.0302650492534	36.890584594438444	6.15328350309553	5.391966937295992
278	10.6796641958238	9.20385151925066	40.3122857511089	39.94249641497202	10.0247920529786	8.629189768878481
279	11.7210926221872	10.10929340974356	38.8485311913854	38.66903991562446	8.67230594053433	7.56256971261347
274	19.7139389921512	16.3950455866014	42.0407910206907	41.86342857491533	11.6721801751029	9.83526089148695
275	11.1963620470901	9.473007615720283	40.3354455065317	39.57801400295543	10.9337214368403	9.465344127296259
276	18.6092682365244	15.2372568963934	40.19743048164	39.37660599759701	11.1805952882659	9.75503622246201
157	12.4569365455488	11.71012510005662	39.7148604275233	40.27164817817189	12.1962704735148	10.578721594071803
277	18.1859469114657	15.08943213671384	40.1351492307558	39.38109920347417	11.1456653707219	9.613495692465476
270	11.0405355137687	9.518734873132798	41.7847695150653	41.34885725622367	11.520061016463	9.627861475407016
158	11.7713904265615	11.05269890462962	40.2948241841781	40.49434907130322	9.9683686415568	8.693241657221813
271	19.7896432708583	16.33555440445386	41.8696942697323	41.70152669109554	11.6459129999411	9.71613086675137
159	14.4806688365072	12.79021389518015	39.3662193384024	39.4358490820863	11.7893703349394	10.494552627285938
272	10.8803821113911	9.32715403536627	41.4584929001975	40.83133550175157	11.3734623825073	9.696998028580412
273	8.92765073234407	7.877627845350036	40.9825659845896	40.36050493627704	10.9723107109671	9.404226970302513
153	12.565415537437	10.351975582367439	39.8007704951669	39.9007500935302	12.0434285318622	10.193906736336212
154	13.5552054602884	11.800250320434186	39.9254167141865	39.983931612423774	12.0681081196525	10.20299716906071
155	12.033767526599	10.318619534827494	40.4570124842107	40.65604467613259	10.3689115523162	9.001529405872416
156	17.6742106248653	15.43247950483683	38.5668501766097	38.90447182705486	13.0583173878636	11.223749266071104
036	9.48766838472682	9.204536643645804	36.7038002221578	37.22680097213722	6.96593017443673	6.220913444175072
037	10.890116306692	10.21914461019628	36.2250290029529	36.28846546710339	6.15305607831455	5.512296261660027
150	18.2298819337703	15.53588054569	38.4939841154979	39.10232965341925	12.4136054038921	10.750767613065772
038	11.63497302374	10.899018107088514	36.8089748041518	37.67081051998062	6.32480254388799	5.502950302707397
151	24.3450357862098	20.74333079700813	37.6232208592331	38.49534803141191	12.8505252476488	11.242194396590662
039	12.0520606543537	11.439387202728794	35.825042844926	36.7367009410524	7.215729499208	6.280570902602538
152	27.5892571203938	23.30617582027834	37.0720229020559	38.00428187731555	12.9974709111358	11.399304203707823
032	11.2142847354184	10.520362238733918	36.6123670007551	36.90497805706645	5.96297030673163	5.201647644178591
033	13.3801973336892	12.41658844350846	36.0137074509302	37.04824680220136	7.44742596119099	6.5698332711731755
034	9.51264052819174	9.232700287015263	37.302198172763	37.92264848127102	6.9455515347931	6.106694563673698
035	11.9101303427081	11.421669150173214	38.126020734296	39.07841224029829	5.47809986693513	4.887909494899041
030	11.2369476267986	10.091248134527422	37.1998726736283	38.43032867163488	7.11861285645242	6.213904573923515
031	16.3935009660493	14.38359028684655	36.2403443046524	37.64641830241214	8.15650350605833	7.187308974073947
267	8.75861725905403	7.440199425233471	41.1980023396716	41.22086906725506	9.21067928818939	7.701977929233422
268	10.6046286083905	8.407060995047493	42.077317666856	41.65753415059423	8.63076970630319	7.197696263638089
263	9.58947226320529	8.328886686634423	39.3512134170689	39.18987236589014	11.1293514485134	9.259472279736212
264	9.09462693675954	7.900695907641653	39.7800693070533	39.62959530693797	10.7000086820957	8.858566452587723
265	10.2402860413968	8.87753466826019	40.6491905150305	40.57518716912843	11.2504795467749	9.400490587217375
146	22.0918519677451	18.615241966131798	35.6691233444147	36.72684746498835	9.43743094349923	8.289063223371198
266	10.3467236319483	8.576677472026146	39.0421307242376	38.55463017224375	9.61817340623942	8.049957290930378
147	12.6879927130712	11.221325173178043	40.3562219582012	40.46375727139933	9.07594395040957	8.022008154158044
260	13.2794564093638	10.978736688269954	40.1536185841297	40.49382598315192	12.3609892995192	10.549978357020152
148	8.11521975646976	7.319884206005934	39.3415702022891	39.41129409101317	7.82469308739825	7.074229697767447
261	10.3606421059765	9.080364013867145	39.5834727258062	39.28230831265347	11.6950928340289	9.877273239210085
149	9.21911463856542	7.044917505869415	38.2066181280757	38.64704609374091	7.70293752373245	6.865896682748482
262	11.1497723365367	8.714512123129763	41.0109530949681	40.61361204308105	8.2780607348588	6.889418326521336
142	25.7757132561518	22.44606285649918	39.129087212564	39.40414286783197	10.4449311381272	8.948791070006731
143	22.9157640020346	19.67367441093461	39.2438801564829	39.49414307358473	10.5684750628637	9.08952241942194
144	13.9343907510102	11.701986738388179	37.7352559837064	38.314912278108366	9.41287219132607	8.281026218874489
145	12.9139502911651	10.888632365738403	37.8076297161342	38.36326287600873	9.27433413433672	8.12792002545174
025	12.3934147928236	11.79663254126061	34.8981664329342	35.23032428816866	5.92021573419367	5.055866371709045
026	11.5718962296841	12.80207617753333	37.3589395509037	37.4559016126594	5.53089761171347	4.857474412474578
027	17.2473017415771	15.13774380017424	37.4564663141449	38.11707028311045	7.89034421913596	6.798843512128892
140	14.6444850206957	12.51219169831302	39.7188972852293	39.84717928529549	10.1365764345707	8.697898540998331
028	14.9754836904283	12.71148466706267	37.5294086372508	38.00487777916094	7.0542213086256504	6.076238666117856
141	14.0035393647922	11.88244690448363	39.6906255223058	39.79087276114023	10.1171782892709	8.678963715504706
021	26.5559753103616	23.71668644713287	33.4850104133537	34.98547158237727	9.26272494973167	8.105150654888558
022	33.2261164844321	29.18403594915814	30.0707738097458	31.70781076717236	10.4934729571741	8.87479567348154
023	16.6816443245306	14.89157978198395	36.8025580319828	37.64592878967656	7.99670144251398	6.828222940698409
024	28.7853601927461	26.0537418562683	33.4204623873867	34.91599094934874	9.69658002177765	8.526838387378712
020	18.7501910873232	16.46587254413508	35.9255593441323	37.01798912293945	8.28195974065763	7.21012917970834
256	9.37062771642047	6.47427600644595	41.1678545622485	40.7671611631372	9.37865103099218	7.809004422157126
257	15.2023988158914	11.892592768055618	40.0316253057758	39.703297269291454	12.5524399114578	10.68240396256354
258	11.8117669209711	9.5407367887402	41.3932710202791	40.98298724919676	9.61141216150338	8.22487472993943
259	11.363654534813	8.901124656467628	42.0355413048802	41.48388384546326	8.43005678077279	7.117144499030151
252	9.87743869086708	8.233079681868636	39.191851473119	38.78430757455591	10.9466720879819	9.227631806109093
253	12.3680856988361	10.254887133140564	39.7018937924184	39.699972448562264	11.2536609648318	9.721363804063518
254	11.8041176544905	10.082299451487284	39.9869830857385	40.240954892339	11.7189611425061	10.075280433295967
255	10.197808689488	8.397547015000422	40.1270001575496	39.80728586230146	11.2248644858453	9.446558118586118
135	15.4603744304528	13.480677439537061	37.8841159977343	38.12169729750722	8.9363454644332	7.700394933716335
136	7.94940145544506	7.543316037662028	38.0200806957174	37.61487889601132	6.76171734386825	6.049843096219581
137	10.5558563264435	9.530315530826538	39.6295463814982	39.44230650544384	8.76013752649319	7.606557710226107
250	9.84078555197624	7.851772621515041	40.1819726438735	39.84846161047462	10.2906490541333	8.642281826034676
138	10.2800991728989	9.48597688839688	39.365013374354	39.31793163754133	9.02068384519041	7.862968503066822
029	24.2704072411061	20.81176954723232	37.4474956912585	38.46009687730011	8.82172942117182	7.763660846299464
251	9.88920365826575	7.800480089148361	40.3488687444033	40.04558803501801	10.4206001450885	8.78213715992345
131	11.8497161951181	10.386423487386894	37.999752517231	38.19392733192813	8.72409493967323	7.386116015885558
132	19.7626439122722	16.389302169339672	37.0926194255479	37.76312923688822	9.18244648290543	7.81472752890636
133	10.5546742296581	10.018992138363746	38.3745905182418	38.4465125851964	7.87030689929969	6.738047858291658
134	11.0954561804835	10.19500550131349	38.2011015434278	38.316917542001264	8.29122652993261	7.057025794401658
014	13.9246153377323	12.33332120356897	37.8734878580894	38.52908476568718	7.43410623300187	6.428052877199811
015	18.751248182345	17.15297834385716	38.7296820423271	39.0178482286578	7.94862832339687	6.897274952539997
016	23.9682982373406	22.27863714610769	39.0345442473648	39.40455319014325	8.7829922137065	7.603634331779787
017	21.9513914866793	19.50115908161258	36.3304078465553	37.3427045536305	7.86984167576197	7.034488786482146
130	12.0072134870685	10.513945587568351	38.3335866410982	38.51375502428452	8.68000762248276	7.449376488382822
010	13.5143397974137	12.2555072748554	38.776486534754	39.00625387324242	7.66521642421724	6.606407604487959
011	26.1356446029243	23.35940539281046	38.2811648138909	38.71626574352673	9.36839620874731	8.060759066307588
012	13.5700724722625	12.12517596646441	39.331904921694	39.72752000182589	7.56263401858558	6.487193312749696
013	10.2454009073456	9.575454121613783	38.1901596117535	38.38604884742417	7.36080528277712	6.429970154163793
366	12.6420724737911	10.550262477305042	39.3626408132096	38.32648888227831	10.6862708714676	9.455951612117044
367	7.77593096569206	7.193156445007981	38.6087584396088	38.06692121958117	11.4390129764348	9.971246839907892
368	8.07238802561188	7.498762987987488	40.2008376528742	39.63747274879987	12.0458297337314	10.52042441707542
369	6.79369500307495	6.552024052344452	37.2108853975089	36.521683899142744	10.4417464158273	9.210188349282438
139	13.3645211661074	11.71667340911353	38.9506517945972	39.09144474472276	9.77327663508524	8.744088953096412
362	6.93273051556351	6.394989725328951	40.3308162187947	39.7224224649533	11.6324382640285	10.007412371796795
363	7.55373625853433	6.619928011637647	39.5266867731876	38.445144116766656	11.2258094711455	9.839596664106733
364	6.46923246705752	6.346307180388144	39.5113473417153	38.65689838670911	10.9245018125024	9.519762590899623
245	9.45005285846308	8.50700358422476	40.6249274445761	40.15639677051104	10.8672118227064	9.14077362632311
365	8.66833369674284	7.831327081608201	39.578405016351	38.57238457967852	10.4473891610643	9.303208821553394
246	11.039732566728	7.964588843705696	41.9642689846941	41.51197311496956	9.6501226892597	8.204692722673222
247	12.657741474943	9.708120765950827	42.4859635289915	41.97549664258864	9.63786715963058	8.36536043458614
018	18.6169298605419	16.201451377646002	36.0911718382826	37.59821120425922	8.4158068911899	7.439923287260134
248	9.19172691180636	6.493640973544777	41.7737076512579	41.29781285697382	8.62353526012597	7.244931222751753
360	7.3406910176616	6.874753546930436	39.8262423310604	39.13070626826546	11.8848794369979	10.296335842237044
241	10.5912089328187	8.799186265498125	42.1075223208813	41.621827470528366	10.5984075023693	8.839523696956235
019	14.3490555957908	12.78234383563341	36.1988239722653	37.26666592050565	7.7719533210493	6.840308217728997
361	14.3651687847967	12.6232369427337	39.9744522906855	39.61435663488371	12.6659401119847	10.997875827865252
242	12.35635650769	9.423892468973929	42.5260850584475	41.9940811783422	10.6051264643434	8.876245513061304
243	12.4870368808857	9.784704467802966	42.3300710389927	41.79350598165859	10.5206617462971	9.025568584065882
244	12.5049578066319	9.747314979780127	41.6903634588978	41.18812067191337	9.2167561674531	7.890013940509644
124	12.5927224428486	10.937746649963728	39.8763737784628	39.48772016659311	7.57818782207415	6.299272099757182
125	14.1526790458829	11.95857829796491	38.3749711044958	38.71166387941333	8.94525262097881	7.588962700263632
126	18.6864628088573	14.91601944434629	37.7394228128943	38.32479817705772	9.99804677695045	8.499241788443294
127	13.0867491547143	11.907861626709119	39.3423524810711	39.07557001978153	8.4717215134246	7.15811092392523
240	11.3962649038053	9.307988547486334	41.8496744210354	41.37930015989107	10.6096164291093	8.880274451331042
120	13.3700429248489	12.038562631651896	37.5981010723391	38.15348935174535	8.13820093415377	6.782676724865225
121	12.8190456762647	11.786956218440107	38.4603035533324	38.65792241657932	7.43603985608361	6.296981207064818
122	22.6273129452565	19.54211531989401	36.0800461212351	37.25070583575785	8.79813888719878	7.566920424890496
123	19.0932049371284	16.6871901510697	34.892740591138	36.26805021241011	8.47318978129549	7.073424402829672
006	NA	NA	NA	NA	NA	NA
355	7.25149037338317	6.753238704462681	39.2875974225454	38.87337673162554	11.6813640059223	10.020382234268645
356	9.79901443327957	8.604635372996377	40.3371442451084	39.67987122016765	11.530983317882	9.92955173130931
357	8.52942822361259	7.5541258851859325	41.8140092599181	41.33892682236264	12.0687877135696	10.274158669731353
358	13.1505323470877	11.690321044306337	41.818126107594	41.70554597337257	12.5743601309221	10.78893554655425
249	11.3353913439965	8.968565279576005	42.1093860324445	41.55497930324819	8.21229972234504	6.894213354932139
351	8.92553120837366	7.9746726857176595	39.1725591733179	38.87954007935973	12.441815790124	10.663137406251229
352	17.047572419778	15.05956412298199	38.2040240809501	38.39695049772946	13.7197128203657	11.590037426215487
234	14.5132055202968	11.89266970698365	39.5513313972768	39.48673171244368	9.73541713333733	8.218019384205139
354	8.7917674027035	8.182228286932736	37.780984853724	37.16174783013078	11.7211361255551	10.262854523232209
235	23.3593564127859	19.15707504127908	37.7443285122987	37.71219114904413	9.84828386873572	8.188328602814288
236	17.6128728828318	12.626277599429581	37.3192605282125	37.52541243558014	9.01729615437771	7.582943245830636
128	11.4504255222677	11.014536889587323	37.9857904574491	38.00373852823429	5.98138494492051	5.331570821159307
237	22.7972959915233	18.30101668565892	36.7100903853165	36.49055109563877	9.50773117720929	7.9282619521219715
350	9.25301863849091	8.25039652887718	39.3090000525815	38.98873017005875	12.4388970302799	10.688168081062168
230	11.4923723689219	9.9662838693188	40.1902806125537	40.06143459477682	10.3472347671754	8.637252962885565
129	9.25722275071234	8.853919123359178	39.395317418489	38.87294270096308	5.58035033970382	5.1350256573290185
231	12.8275329864781	10.76461206851981	39.8795517529165	39.77056919045673	10.2989702528145	8.593778971378839
232	22.6141721146062	18.65054708494015	40.3685060138545	40.19777778818238	10.8296533102968	9.04485824988013
233	15.2832917477925	12.373887188190409	39.5931235336623	39.56086799832264	9.71620862837609	8.19362883593148
113	39.0396026747027	35.88559534802972	32.8802762745459	35.03839605821058	11.0147219559357	9.26819670361246
114	37.6825494308986	34.739807438995086	33.6024069967131	35.52169104635569	10.3346242272854	8.725509311177872
115	32.7936481632408	30.50668331568511	34.9982365671998	36.50230505585979	9.77489519485479	8.199189624096771
116	30.06061315723	27.10432407903214	32.5411867190619	33.5672562992836	9.31651898391522	7.65382014796613
007	NA	NA	NA	NA	NA	NA
008	NA	NA	NA	NA	NA	NA
110	33.8345541240349	31.05259335859658	33.2832397701875	34.87870412907809	9.63922939068625	8.157111192402695
009	NA	NA	NA	NA	NA	NA
111	43.8119183164263	40.53866698100652	31.3404189547531	33.54915901865063	12.1710159212376	10.177031028609424
112	39.4584821945314	36.29888512365246	33.9359078665846	35.33276238382446	11.3890510958354	9.606572457007813
359	8.51740656245513	7.48190650923272	41.3337833592162	40.44592683486419	12.4241630844356	10.637054902615528
344	11.9142713422916	9.34151881683677	38.0093373904489	36.86682341429934	7.97461679643376	7.038729058172292
346	13.1752703243527	10.33283198852989	38.8255289198368	37.65209733930246	8.3215208222824	7.35924157563957
238	10.7665803993669	9.185874091666463	40.4339513147084	40.19394450350954	10.1835909058643	8.60225191874952
347	14.0626554185696	10.800757997915087	39.0371023542765	38.24292358479289	7.79728498421771	6.87917990902101
239	8.84089113698734	8.34647928699734	40.7317190498381	40.26525828423099	10.6492706469091	8.963593874454167
395	10.6547952284925	9.860819116702453	39.5610510275411	38.99001226726067	9.75018229237346	8.619718040371692
341	11.5097406160547	9.519684473739275	35.7013473194744	35.09282447690813	5.99795065458229	5.591768217862179
396	7.19849887637019	6.296053864516775	39.0111290300729	38.12433292401856	10.1985069180495	9.189098103769885
342	10.4111978150322	8.005177450275207	38.0794691127191	37.0301310303451	7.94113241368327	7.037114798366554
