zip_code,avg_pm25,avg_o3,avg_no2
397,11.4039467555237,39.0483393665648,8.14396173400154
223,11.2116399264268,38.5716007676368,30.5822734849028
224,10.7403957504066,39.0717655581142,10.8862966102606
398,11.1272383428833,39.4869521619759,8.50066991139991
391,10.6868374530068,38.9438424560065,8.35232215053436
225,10.3921631648645,38.7807305386443,10.5832867264732
117,9.26488192842878,37.2733997630889,25.7326882456916
392,11.5536519957883,38.5734374129692,13.7830035985476
226,10.9676157031929,41.2279082720327,11.6655046319505
118,9.88407846476592,36.6457685139662,33.0090586138777
393,11.2067150762456,38.3922785340717,7.08636972555568
394,10.7436339779773,39.2482454388816,7.97359951342743
220,10.8845837603659,38.2984329292379,24.1916932602183
119,7.88649889763138,35.8644166241445,14.8966242947531
221,11.035577409466,38.1136180382871,24.208473671913598
102,12.519060524262,33.3281840896625,45.0323910377858
222,11.7284715579803,38.3921250340905,29.309989635545
103,10.8560378422225,36.4852302948609,39.4606093898772
104,11.0425827597379,31.675918878188,39.3800557696724
390,10.736570367494,38.8408334799503,7.84051360224766
105,9.6445795435969,38.0152045128925,26.1608525390127
100,12.1463149481559,31.6034703442811,43.6567041085354
101,12.2806122882715,30.9998166671938,45.3469341617925
349,7.04130275831345,37.4030190015445,10.8933251309529
333,7.32736079567253,33.1889608231223,17.3464769576062
388,11.4035427181318,39.7940920855644,7.39754989080491
334,7.02892654151422,35.8966321406389,13.0390798801521
389,10.4039598919676,39.4558148906811,8.21137365285347
335,8.72804168793358,39.5763612003614,13.7038920170827
336,9.43556811499742,38.4974021540983,18.4981143019841
227,9.63669146717142,42.2685056757601,9.62412211969505
228,10.1988712013713,43.5997645311198,13.4981160681638
229,10.3940421035403,42.3286072059757,10.3223818859243
384,11.1397941678605,40.7382040134721,7.81032864975505
330,6.06118474578969,32.2957079247956,12.1330535771058
331,7.21002360703106,34.6616355192338,16.6653171308358
385,11.5572358270128,41.3061761348927,6.99617394337136
386,11.0205055437208,40.3881268101616,9.31855747612458
212,11.9858617684927,37.6035789674501,29.6064361862192
387,10.8700296191937,40.4480036556749,12.8825715095162
380,10.9928709067753,41.0695384039072,10.2558645755301
214,10.5607302526923,38.998243678362,25.1626056108239
215,8.90394173277649,41.4646232079159,10.0577878868663
106,10.4695576578501,36.9484182951993,34.498251101484
381,11.8283556615382,40.680253256732,22.35297117287
107,10.8871180183787,33.7811203570655,37.9975561463303
382,10.9456826505648,40.693495479592,8.03963112971786
383,10.9825460923956,40.4625261731804,6.96335248639708
108,10.3229726047445,33.5528645511144,37.5534263050749
210,11.7343648375733,39.785915068628,22.9915993313783
109,9.98187067300523,37.8386374291828,23.2244775652158
211,12.1520843988361,39.7548333926305,20.4016958080171
498,5.10914028480103,37.1142627999353,8.63794296723488
499,5.4636338350566,36.7934575870583,6.79225943039254
337,8.32707787000926,36.6852721556861,16.1254761417131
338,8.31768799411487,38.6572012555146,12.2510738564552
339,7.07641056555647,36.7451066426549,10.7007053705661
494,9.29176595992344,37.7003831131443,13.2940070101263
495,11.2122333016979,36.6461843818061,23.7223724835554
496,7.60457606738375,37.9694014591776,6.41269625638332
322,8.85175604970025,38.3997041391229,17.8922988458428
377,11.0315491044534,43.3875042360783,9.4359740126685
497,6.44203644049446,37.0067915609633,7.5260554277947
323,8.86858538390121,37.0841368581159,10.5418423473671
490,11.2760809949985,38.1420837147119,15.5645204045859
378,11.2205186050829,43.3235681781699,8.80077519130172
324,10.2516343225066,38.7111255923243,9.68209569990032
325,10.4671931883287,40.310227324363,9.49462705759367
216,10.4309108257548,39.8512031244686,15.1205916223183
379,12.681877664403,42.94161154666,14.8205891744432
491,11.6917956485279,36.4721106796376,16.6220116323438
217,11.790106126725,40.3902476648313,16.1515679021033
492,11.3968514773701,39.0414679688537,16.2996495419845
218,10.4318005316793,40.3955328339203,13.1743278759768
373,11.6887692017959,42.6467943026453,8.82705752406661
493,10.0863868400033,37.9737001178933,12.5201783599936
219,11.3864384179915,39.8870850628045,19.016093856225
374,12.0882577163804,43.0662460125677,11.924193784601
320,8.57409620525965,38.3826349291745,11.3493696047974
201,11.3843970808129,39.6471831588074,13.4529681462137
321,7.96845634348524,38.2125556910375,12.2347598588615
202,12.1535590062041,37.7598739771156,32.0666171587752
376,10.4368658438085,43.931026038433,14.6076618698939
203,11.8712693361869,38.5117467224501,31.6824198999519
204,12.0716026313635,37.9463570362468,31.2509920074562
370,11.229841152995,41.0302496696456,9.0845532601368
371,11.4168741602578,41.1614389397184,9.10000729678867
372,11.5214557050881,38.9847930589627,21.1918467656037
200,11.953092998092,38.0823652887845,31.425022658099
326,8.26671778369527,38.0375060145789,10.1666369472474
327,7.75398671785159,39.1746731310684,13.8287351232865
328,8.09746962079667,38.9311568687242,17.6534386536667
329,6.98579203331343,38.6676920558546,11.7312827867676
209,11.3160451257649,38.7967065013588,26.8135569994422
487,9.22128989595846,38.2351088147855,10.4994007187766
312,12.4490822965941,41.6480280475224,14.343002596295
313,10.0171255514917,38.0164598219271,10.8328013184793
488,10.763207335148,38.2335160871825,14.424874390204
314,10.9416770770705,37.1286437557744,12.8491026592603
205,12.0158128943967,37.7497115082832,31.94676328087
489,11.1708938490746,37.5280982371748,23.409760640544
206,10.4730819406557,38.4253556641897,15.4903010474907
207,11.2137434592732,39.044059609011,24.4512094486092
483,11.206585850744,37.9433935132379,25.6165479560568
484,10.7391376741291,38.4763647683832,15.5709934146832
208,11.329147801108,39.2742767478581,21.1928548185911
310,11.8735308043632,41.1946488616984,9.03849365599197
485,10.9442559787145,37.6958121534578,25.014301284275
486,8.41278067334686,38.2377563190491,8.57658828800398
480,10.7602976540822,37.5528126146134,19.8671113147251
481,11.4558395001049,37.8995074520913,22.5066557318006
482,11.8916028556634,35.0310022413088,29.4508945484471
319,12.5057995428531,40.0930259105801,16.4705292126891
597,3.80733396320483,44.4940588414087,10.6498240807695
598,3.68849535179275,38.8589546434998,10.4046274190984
315,9.1131034321631,38.8538206702341,10.5884569380284
599,3.60873297178399,37.1811546884376,9.3925317429605
316,9.81991768394344,39.0367497465976,10.557122407465
317,11.4497968182303,39.8038795978032,9.15526768158594
593,4.34253426643648,41.219214384367,3.81909312145409
318,11.8245665472088,40.5390326401646,8.25682979231401
594,4.64940866322901,40.0090585140886,8.6201811264146
595,4.51425600985883,40.2343983687948,5.02239831552708
300,12.7556700167563,41.9190545049804,18.4597411549649
596,3.4437958613121,41.9147087121834,8.77249572267686
476,12.5235980979757,39.4069775332652,12.1224886521082
301,11.9374609658974,41.4381825223589,9.65761691300445
302,12.6028047001729,41.5613226928508,12.072491740853
477,12.8006794545549,39.3952609429909,14.8702660406814
303,13.5559489197364,41.7286722557392,28.77564138796
478,12.1598702308254,37.8237183463717,12.929692969515
590,4.05912904926972,43.3424676072925,5.58284578733494
479,12.4787879486931,38.0163312048934,17.456972786969
591,5.45455230549287,43.152858792929,7.03006411286088
592,4.90709152307044,39.3839031281744,4.09212935271771
472,12.5450851516821,39.4234684777098,12.2539496079379
473,12.4747543361737,39.5695744178602,17.6561819481243
474,11.61426790314,39.1025435941131,10.7888381782962
475,12.4276207521751,39.4591336826401,10.9161267518271
470,12.9125802838386,39.4210183353737,13.2254203732763
471,12.3856083032845,39.5915169474203,12.478717403201
308,11.528759424391,39.9715344251777,7.78600639904841
309,12.1688112685124,39.7542173630004,11.2056318984744
586,5.44593337736122,38.9276124915411,4.76204167677023
587,5.74910990403874,37.6444245890564,5.1750708018348
304,11.1654985546573,39.9333883853744,7.99954044008044
588,5.83414320499676,38.1872651060161,4.05127161637808
305,10.233341246792,42.1570423492095,11.1790507285105
306,11.7586540794778,41.3335952106425,10.0595696777013
582,7.20437353793438,37.2889622211201,7.79039931193413
307,11.431902059364,42.2748889603575,8.85384240069783
583,6.18230015722856,37.9900674411972,6.85408338478716
584,6.69638825614333,37.7646943828976,7.91663066195404
585,6.26111605750792,37.5215320816534,7.10521079577282
465,12.2458829993517,37.2909705118254,15.8905700864068
466,12.2589247746236,35.7429259495837,19.5627060107052
467,12.2842443368875,39.0151272975066,15.0030456610789
580,7.33932419903098,36.3939675311187,9.57679293324963
468,12.4809807450545,38.5680717779032,17.509513336797
581,7.64962838159319,34.8488482071588,13.4680431579069
461,12.9150798835746,38.925875154029,17.1710517204999
462,13.5831828574409,37.6131096022711,25.46663025167
463,12.2002356923966,35.7855233011324,21.7167872191258
464,12.879887448787,33.8738005317941,29.7609932194802
460,12.8349554301989,39.1244257775036,19.8498062028352
692,4.1822940171438,41.8290179486748,4.61655309291786
693,4.39330622397909,43.9029940245572,9.21085852481243
575,4.91170286246053,40.7571438465357,5.31309140435779
576,5.21535819974647,40.0608517166331,4.95681029899158
577,4.44584586541192,42.0261890065054,5.20425640535763
469,12.6427107365214,39.1253110330817,15.579472539421
690,6.48139004785478,43.0605469641439,12.6325966322769
691,5.18480313688737,43.5029951413994,11.8105623629076
571,9.12844024903855,37.90478091073,14.4370293530171
572,8.14503194107905,38.3266632796498,9.18515833365526
573,7.46833917293438,39.4005225683276,9.7693448437273709
454,13.3146921861777,39.6515710499536,23.6971613695781
574,7.27783584263478,39.0819797653866,7.86942245276288
455,12.8173191665417,40.6744647133265,20.6106534782564
456,12.3952783335558,39.7498808039133,10.6529801929518
457,11.9954478882911,40.1111851752766,9.84575051220098
450,13.27464402095,40.5534038777578,20.6163449740707
570,8.60515225723728,38.3205729956659,11.3641285282106
451,12.9207029844968,40.6310062844464,15.0703958547189
452,13.213063119432,39.4011904851776,25.4011437091458
453,12.8820473035585,40.3360194237055,19.6949545730035
685,8.99918353474208,35.579695542604,16.6463611122032
686,8.31629381978742,38.260375424496,11.4314806325975
687,7.28642003453654,39.4339766682553,8.93961180370989
688,6.4193679290918,40.7082555415496,10.1526021505669
681,9.47992432810439,35.7512361676654,16.7529137210601
683,8.82702445939222,38.3142701931633,14.0265374036309
684,8.83783768396484,37.7286404914889,14.2142971798479
564,6.33706737977576,35.9918682011144,9.15047417478471
565,7.1177870213241,36.2791733092631,9.31926989872838
566,4.93040620375968,36.4401172451973,8.61321173528026
458,12.777051138896,39.8503484370978,17.9405153838643
567,6.65821792918755,37.1445221352343,7.86011533469385
560,9.28856155158753,37.1817963473236,12.6186533528044
680,8.94882457986188,37.1044522887084,12.6177032561837
561,8.20035207394294,37.8498004102518,12.0618952642996
562,8.07208711854516,37.6272846560528,10.1460181160846
563,7.53135875494544,36.2165559453823,11.0137373023386
443,12.8578994073095,38.3439270805293,22.6267084841345
444,12.1066124816598,39.4662177039376,18.0615569854126
445,12.2100537608511,38.0516651675788,23.8083130669343
446,13.2087947168663,39.8134778636967,14.6756633643122
440,11.5371390314711,38.942598290962,17.9946788073983
441,12.7410216052616,35.9145417884929,27.5096960842164
442,12.1219815128156,38.5903914094876,18.8038564808303
795,7.92198504016334,42.2005959794156,12.0251072009398
796,8.85794090193724,41.9029689701121,13.5690192294593
797,6.17531851202056,43.7436487907801,11.7376894013118
798,5.13187565980535,44.6864654180669,10.2028063976301
689,7.84366560029236,40.803311774937,11.6700913085227
791,7.13897777130741,44.8698125244864,16.9567898897591
792,7.2487612125445,43.1988008960852,12.6680745342634
793,7.83610351119939,43.6885167596411,14.5923390639729
794,8.64150344131711,43.4712099348813,17.8197506802889
674,8.20322522389812,41.2461885245209,12.0082941294353
675,7.56926612711373,41.6551106522054,11.0598014290704
676,6.3735674074279,41.9206850278875,9.42260458007399
677,6.3696459404324,43.5273958845872,12.8911572078068
670,8.73718491848785,41.3445128190682,11.6053137275256
790,6.8588444648759,44.3528234466628,14.7645018697476
671,8.84337271150615,41.3081585117253,11.9162572595601
672,10.0786742495068,39.466357433484,18.0063749645476
553,8.94295053954161,36.3006492321117,14.0818383076555
673,9.61787103987657,41.3281791986944,11.0663059559338
554,9.27785378255642,34.6780014899293,21.6559540276203
447,13.6892835671452,39.667366411341,20.3911373452537
556,4.48995253240964,35.2389806712753,7.60489344746572
448,12.2068171148728,39.4458711609575,16.4336940165476
550,8.53835328603592,36.0729170773149,12.5396799833638
449,12.158059377237,39.6741493879009,16.8013019537476
551,9.4854214171075,35.0091392116443,19.730827208808
432,12.9127780242838,38.8658332725665,24.5746108690894
433,12.7703781493828,40.3906806648266,18.0166170706263
434,12.179734877579,38.7901944970347,21.5122450893824
435,12.2448825458822,38.8290717372965,19.1296803235342
430,12.7686415302331,40.5841362910985,17.3669200667773
799,7.06099084746548,44.0711167593067,23.2655934364246
431,12.7917320729625,40.5080668755725,16.7789692674688
784,9.82383490993178,33.7183966996844,13.6771533650797
785,9.98066022541753,33.2020065858669,12.1652842685919
786,9.07951214485507,39.223112222063,8.09086044109405
787,10.0043790405523,38.942941462679,9.09357639577464
678,6.64531216184204,43.2107285990658,12.7664933389194
780,9.07551418336713,37.8071581452433,10.5092606606746
679,6.93753037926019,43.8188280189951,14.941140584958
781,9.66220219521004,38.1390754116857,10.1562118301664
782,9.79252283094169,39.4501190658675,14.8882060780616
783,9.56976623830273,35.3919346226402,10.8011032567634
664,9.20838887055843,40.7451801659913,14.7632470780595
665,9.30474473467106,40.7790884377308,14.6105994891586
557,5.48908622718077,35.4007369577542,9.12140658463006
666,9.82983533510733,40.287015573969,19.3237507485891
558,6.2315623567719,33.6351361076296,10.0293508540509
559,9.4322572455405,37.281956242237,11.0754672720416
660,9.98896640216289,40.3545384312159,13.633965822277
661,10.5623257401429,37.4475581528023,27.0087005007981
542,9.11809566289192,37.550874907459,10.358712742474
662,10.1128883833105,38.5781707392971,27.2460433263743
543,10.2495331190841,36.9388166516362,15.0435429125431
544,7.96978970060332,37.7669944000965,7.94722798160929
545,6.02127006526872,37.1912355026498,9.17931310939565
436,12.1694600379152,36.7897276502285,26.1772104872369
437,11.1448095640599,40.674694022037,12.2167444168655
438,11.990887692547,40.3580767639635,11.507932996737
439,12.4215355757334,39.8623744064556,13.0983815366484
540,9.04232172191595,36.3881892667775,12.1486107438064
421,11.5637547553603,41.0453421616575,10.9848019566954
541,8.03013214669926,37.5661444677268,9.14606526466799
422,11.2216698061659,41.5119798736692,9.57367835743832
423,12.0701927342057,40.6954198723303,10.3854140984796
424,11.9516573495191,40.8597270826669,10.8571224996357
788,8.074346862458,40.0787893714648,9.88016066197083
420,11.3726110051843,40.8285586829687,10.0039591119394
789,10.5849928207457,37.7137024050492,9.53985139485898
773,10.8926132478804,38.0891580698492,10.4669775364587
774,11.6025113736198,36.7034176420226,12.3271747151515
775,10.7077750310825,36.4244267018331,13.373911446205
667,9.83940427289392,41.0363539648713,10.241245200495
776,9.80907638607298,36.7648518082816,11.0035600474816
668,8.16487221938186,40.9972793786956,12.5449162453405
770,12.605591301896,35.6159659702697,24.8652041665161
669,8.36975872725452,40.7747210293243,11.7025192571225
652,10.2056499294037,39.0054157123646,10.3118198439598
772,14.7888582199268,31.5935192005787,33.0987004799121
653,9.79194152036132,39.6475231781284,11.198053449296
654,9.94971236935872,39.3078384934966,6.83662819294942
546,9.27280242542079,37.4037936579168,8.42930187823982
655,10.0017203361097,39.3786560479248,7.04132785121158
547,8.65880034158293,37.1467979611811,9.57571238926113
548,7.17974881646214,36.0326131468011,8.65954445020143
650,10.175731965027,39.0810457936437,8.01743699451703
549,9.46138677243985,38.0209434477379,10.6332929888851
651,10.5580527296659,38.9676810467144,9.91656451230902
531,10.8436047344675,36.9514162181519,21.1544373808348
532,10.6374639377211,33.8925665062933,26.3806857287448
534,10.2554665361824,33.9711614885815,23.6609127302781
425,11.9683962081685,40.2458817906086,9.45869357593416
426,11.4451053825558,40.7578120305876,7.35762635933505
427,11.6395656718537,40.5511614192897,9.80038269560477
530,9.89714214649645,38.0744810355958,16.3871712643916
410,12.7613867304065,39.444888254068204,14.2035622570334
411,11.1865884110706,40.2108619823047,11.0911679621793
412,10.3364000800259,40.5661474717901,10.3914269388358
413,10.5937394095431,40.22973283551,9.50009701224149
777,9.90759599185579,37.1938903317029,12.6056983845291
778,10.9736826532925,38.3120528957679,10.0829191840323
779,10.2939741111997,36.1167014077712,9.90717199330905
762,9.51245662639897,42.8652615795573,13.3003120444197
763,8.46703890296483,42.260299721853,12.5579384360136
764,9.17789001913155,41.8502334391794,11.1965137117874
656,9.81456408793486,40.0718710878167,8.37361179036304
765,9.6053835295571,40.1673235216522,8.91683881963012
657,9.97861393583743,40.061914263766,8.74277014166181
658,10.6167824556814,39.8338423637361,18.1938183369918
760,9.8497736808035,41.8390913887512,14.9633011755195
539,9.31271435997751,38.051771706435,9.87772049500216
761,10.5162979560858,41.2240835069475,22.4642788646597
641,10.5244045607102,38.3963501397567,24.6162149211966
535,10.7244455867254,38.0277816195326,12.2679110737892
644,9.96440403588476,39.423482287576,13.9414416267309
537,11.1283291247896,37.302324099355,18.6948859301368
538,10.6436411718661,37.8199660426698,10.682835194218
418,9.57438800615976,40.7363211181413,10.2692077567247
640,10.2317357051388,39.8357723955124,15.7499226790358
520,10.3737736234988,37.651711194433,10.233922910256
521,9.69697106250657,37.5278820912605,10.2301075187946
522,10.1685397306622,37.0198012627517,11.5569668431974
414,10.4370957206822,40.7039873584898,9.52431063578841
894,3.43857797133365,44.0040975736562,11.8166550783616
523,10.1774743395869,36.9598410706164,11.4988042755664
415,9.4983991848101,40.2384750957215,11.1674970380708
895,4.16362560176692,44.734511123392,15.8614611247397
416,9.89662334368745,40.012219456213,10.103038409503
897,3.93064172095164,45.2417929686671,17.5396827982913
417,10.0130419644386,40.266929977374,10.4633018987895
890,3.46354662267711,47.3414559507547,11.864267705987
400,12.7574155035662,40.4804115131746,13.2838821073793
891,4.08798069353346,47.8731406933901,19.0490881898745
401,12.4834771468193,39.9085185148005,10.7518593646089
402,13.3194158828779,39.1521730784708,23.6109570763125
893,2.82379410597649,46.5051922097528,10.1234395988458
766,10.1713438279178,40.4702354845045,10.046825040153
767,10.7346342464649,40.4029818288522,10.5450429871057
768,8.55734205909511,40.7003232615491,9.66754735889539
769,7.33808227339852,41.6900479320893,11.0399027512119
751,10.3775851508443,40.7306050573283,10.9925879455115
752,11.0356614457841,39.2828587627353,23.6586376346667
753,11.431087340071,38.1131118681925,28.5966036936276
754,10.4118175055317,40.8765056210848,9.67411093963705
645,10.7967282860068,40.1500544705,18.2903649085819
646,9.95053671847195,39.3589688148516,11.3010617069852
647,9.73834687653552,40.4892959912724,9.03033650920402
648,10.2879366259429,41.02364342645,10.2415094817656
528,11.0246383315444,35.9717976968792,14.2449030193498
750,10.6469601300831,42.0650866852737,17.1366021488144
630,11.1333600632119,38.423976800739,11.14399843646
631,12.1844544184847,37.2966784754867,25.8616170383958
633,11.1395414820297,39.0266640686842,11.8888552987895
524,10.2055969531716,36.2241342134302,14.5035438095116
525,9.5560595318557,37.3529109281153,7.5820913227104
526,10.260515787327,37.3185783841331,7.63248016114564
527,10.912733819286,36.9074744909535,11.3211251383161
898,2.93542720265811,45.3464710989161,11.8702712140475
407,11.3768213422142,40.7819701735139,9.82040339732928
408,9.3276482381565,42.0559105635169,8.63377299566884
510,9.09965833256066,37.9648234391939,10.9455172550821
409,10.300594873181,41.1635031183893,7.63413810172857
511,9.21748829476446,37.6867674943841,11.4140471173754
512,8.63160267282177,37.8685857766727,11.7025032248996
403,12.2092853213197,39.9821389471671,13.0968031277832
883,3.81535802748294,46.4831931786804,11.1902498987512
404,11.8686922373855,40.4978149857722,11.5481429005649
884,4.25571303965143,46.1454683722332,13.3317024023777
405,12.7630665339384,39.6014836491821,20.0479556550211
406,12.7268960028719,39.603217038935,13.7700461496779
880,4.27830908046081,46.3004502294687,11.9748426665859
881,5.38946371118661,45.5532673325646,10.9843616572428
759,10.1332871132219,38.0029220914812,8.38986317199597
882,5.43618080074106,45.1329922671526,9.89009557270727
755,10.855076555923,40.0585142120124,7.51336660656776
756,10.3911899228605,40.2132818321554,8.39083834822517
757,10.5284409044689,41.0310476717925,7.54297469543985
758,10.6844654144576,39.0896029097229,9.04160510365279
638,10.8989553575382,40.7946045082357,12.2745340120823
639,10.020159966677,39.7510460030113,7.42441163062341
740,9.36553514767761,41.7629879011978,11.7358651475915
741,10.586883017333,40.7485153322329,19.4809393144794
634,10.3617802703874,38.3676825104982,8.79312856530981
743,10.299982461711,41.2510819182618,10.3081368928794
635,9.70180054769956,38.2526074825886,7.95572611210837
636,10.4866678893491,39.5367251971153,6.09276313391883
637,11.025944357673,40.1728004671737,9.60652366413839
620,11.7357034064784,39.2364849155967,13.9292457783976
513,8.56556199502943,37.2296732314773,12.0235145182585
622,11.8888522198172,39.2115924583956,14.6809906598886
993,5.73350395307219,38.3473587976293,11.6402034202876
514,9.3909803567522,37.7468869826205,13.6254517179239
994,5.02342032503274,40.1341835477237,11.1225889948836
995,NA,NA,NA
515,9.4072311533140809,37.3219868346806,14.2015077266846
996,NA,NA,NA
516,9.10166063851715,37.1190538092822,14.5926150578431
990,5.60290746992107,38.4686459315668,9.8160100358296
500,9.36418961330901,36.757012779477,13.6975999397907
991,4.92095824099001,37.76488478536,9.77367439978635
501,9.43397508082486,36.707695827213,12.7161310456232
992,7.07991698010239,38.1734463658,11.6243053864679
873,3.65035581393351,47.4961391147816,12.906386567421
874,4.19795922851866,46.592007146336,14.8679384756437
875,3.0530746280009,47.5914640193027,12.9881540977598
870,3.7802990006376,47.4783634926629,14.7903915685814
871,5.34860768972014,46.7855094933607,23.9066490975918
748,9.14580550619848,41.1948540291256,11.1954036138825
749,10.1396853098675,40.5293838265973,7.33396677338266
744,10.2565270759539,41.1240350244053,9.3798998764976
745,9.72458983579121,39.9751814776609,7.11740512390585
746,8.9553893322207,42.3731751076563,11.6958240348289
627,11.7871451540666,37.1223703128468,20.9850614843976
747,9.88055358592143,40.3247592814551,7.939805511992
628,11.6462819699397,39.5337039328252,12.5720492389557
730,8.6711911374606,41.6745222355081,13.8740157630751
629,11.5042362370542,40.1760713620074,10.1290823574168
731,9.69883710261307,41.7192000926767,21.7776362633601
623,11.0646206275546,38.2750360157936,10.5645899902086
624,11.9699116920488,38.3687061286546,12.8304723706749
625,11.8120941947742,38.2892418616936,16.8843371435027
626,11.5338005395229,38.4619559099422,15.1686766598758
506,9.82108281045172,37.3930407914105,12.4326247306888
997,NA,NA,NA
507,10.3177782565473,37.2058488809786,13.8979359424174
998,NA,NA,NA
508,9.27799712796196,37.3181238808305,13.7064799439571
999,NA,NA,NA
610,11.4100302002851,37.9080852554744,15.230654164425
611,11.543795594427,36.4673777006483,24.4030708422488
502,9.38448015082921,36.4564089952867,13.0001113340343
982,3.44914467163223,31.2086466055913,10.6525674431672
983,3.01599692035627,33.7290137599321,10.8069586848843
503,9.45301847796405,35.0648561780842,18.2601414120177
984,8.15558044334434,30.9528114941769,21.6386063631478
504,9.52401507227364,37.503783699106,13.0357334582867
985,4.50331145440037,31.9905170465167,10.6220065409722
505,8.97871230807351,37.2322114973765,12.9204698874712
877,3.13378578065653,46.9699090646079,13.4757967903287
878,3.18215919072673,47.227762710802,12.6146537213014
879,3.59008294818578,46.1001700505801,12.0589090445045
980,4.3261134226488,33.1362237379575,14.7828987948537
981,7.35810820398204,27.7060507472913,21.5276751544928
863,3.74175550334074,48.1972843025669,12.8224285332211
864,3.69144960199223,47.6368254016107,12.1268409833016
860,3.58761327651319,48.6079575019414,12.7410164011017
737,9.01545864534842,42.4704732154231,12.9140349873498
738,6.75056527549818,43.0361889890336,12.5175515485276
739,6.15997828586422,44.2020177815704,14.6816051422857
734,8.90286839929848,42.1918884112274,11.4335651420876
735,7.95477725667507,42.3638464786344,12.6761402634492
616,11.9624353842017,36.4035301981857,19.4860730406787
736,7.57079936492607,42.5901649150735,13.4907995325838
617,11.8404925152391,38.4877124066261,18.302519785535
618,11.4790966389526,37.9300223951466,17.7193262649887
720,10.8154066446128,39.4888316479445,11.1124297666848
619,11.710884455147,38.0213753555337,16.2949750155901
612,11.0559091755913,36.7183867538696,12.3866902103424
721,10.9313667087987,39.3830356384323,11.0170351201695
613,11.5032613569162,37.1188674357238,17.8976562357941
614,11.1957141720601,37.2771062159052,11.9461804285214
615,11.6754481346123,37.2291172657214,13.7507174036423
986,4.11444872843033,34.0571082156551,11.4645363254202
988,3.70033535600092,35.6855853778813,12.1610705098791
989,3.94327013780039,37.396145426509,12.2493328581447
600,11.3948070124992,35.7583559882363,25.7761208177848
971,5.3890440754786,31.8827204932019,10.5996674505795
972,7.70083121405426,30.1331795234794,19.6161072474331
973,5.49831180332349,33.9533580622745,10.364230595788
974,4.2346851445558,36.4795654292524,8.3497543429477
865,3.56392028143046,47.8794663133038,11.8508615041367
850,8.01918743274484,47.1814157261222,37.7387291897338
970,4.38245966005644,35.0277041191098,12.2230428802579
851,5.83105808317599,46.9959601312809,19.0162923973105
852,6.21224159515932,48.923808501846,26.3237898392871
853,4.8365195289144,46.0195223845406,15.4863155506435
726,8.87735004633618,40.904974300781,7.51662356519748
727,10.2451988993598,41.0781373349093,8.236144316825
728,9.83411463471426,40.3132978169079,7.49346864818078
609,11.8602425784527,37.3919329821227,18.8330468525739
729,10.1683799690659,40.4189622893937,7.5886521958663
722,11.3836903304173,38.2866911585787,16.7793264512682
723,11.1635938072231,40.981553636026,14.6436620089266
724,11.1190885068794,40.5432818837382,11.6579450559479
605,12.2758390872008,35.8471532063782,24.735078886984
725,10.0459487065252,39.5706137436048,7.23012517866528
606,12.5869397591279,32.2985486913931,36.7155103080705
607,12.5707767527838,32.7371407169172,37.7648749985004
608,12.8102297562799,33.2941038693254,35.2060426341255
979,3.71722473352426,42.2130754063224,11.9263763496228
710,10.6991534273803,39.3099289820624,7.40583427181952
601,12.0439963965667,35.9472484549673,27.9744593611575
602,11.2704044498424,32.9343320821134,31.1444661742787
603,12.8564478541811,31.8878899655255,37.9995075265735
604,12.0902323992887,36.2889296558472,24.7353864100767
975,4.197660118586,38.284029795704,8.16638484964521
976,3.82444940804278,40.7787711631813,12.2171960419896
977,3.48335296632272,40.0582635832043,12.2070387933867
978,3.70837157946993,40.0977668744293,11.4979173786946
960,3.8339881535832,40.5005838497776,9.3376519233866
859,3.40883554275428,48.2530646480989,11.5744162047784
961,3.66086664071136,43.9009300225958,12.3256997398613
855,3.6579727238918,48.491961871916,13.1211445233082
856,3.91679266801513,47.5337956238493,16.6215697457122
857,4.44119109467043,45.7553070180233,21.1169651818773
840,3.72481838459808,46.7301059213313,14.7234890744025
841,6.85220938098563,45.5220976076355,29.7340408097113
719,9.90528890137887,39.0608487238972,7.09381525676164
716,10.8603508309753,39.1278680728624,11.0411480786414
717,10.8166692752999,38.4157659847041,7.91472545296808
718,10.6603315655333,39.5117156873356,7.1009725265533
711,11.3293646056784,39.931058614776,9.2341264472678
712,10.455320174974,38.1867885420918,10.3375812252948
713,9.70658536755229,39.3188509581413,11.5497542597704
714,9.76937148458356,38.3149429595075,7.93866719882284
968,NA,NA,NA
969,NA,NA,NA
967,NA,NA,NA
847,2.95980555761345,48.0827514153491,10.9185388745173
950,5.425481205441,38.9266754668073,11.8148828602075
951,7.02669462413193,34.539843858947,19.5895877171466
952,7.42468128035037,42.50607043883,13.4789499472693
843,4.72853195971692,45.1147126577101,18.7849909364201
844,8.21779320344157,44.4352457116901,34.529703524605
845,3.24948522369008,48.7285200338813,11.4294479201421
846,4.10391572888662,47.0967377893007,16.9012550209737
830,2.73628310826617,47.9102709856045,8.08086446560508
708,11.380834427565,38.9441934940182,22.2737023059673
831,2.99847058565669,48.080297074368,8.32374064107855
704,9.8660172713678609,39.4067639309052,10.2867568359354
705,9.98851053297221,38.9188264914672,12.0320985315377
706,9.58112941674943,37.2293648458222,8.98433660390167
707,10.536184064297,39.643801863935,12.2168589348992
700,8.50543282489958,37.7425926925913,16.7472340475871
701,9.2085328177395,39.3899302590845,20.6494392507727
703,8.72717236719422,38.1671346890147,14.369788931605
957,5.65388579187847,44.2210080347481,12.0367808836201
958,10.1860276254974,39.0806631688383,22.7567243960677
959,5.68909891860041,42.6262107207058,11.1481482714078
953,8.11286121886567,44.7650228560693,13.4890912954246
954,4.22696534229692,34.8107604419617,7.69149018185018
955,3.44713606338201,36.3436241960863,5.27939552796341
956,6.84568238601939,42.0496341172397,12.4548211786613
836,3.91939019971737,43.2773671450077,13.6204793888185
837,5.19673653536825,43.1062517364625,18.5374522473677
838,4.32125109485287,38.5264142876864,8.63078117778617
940,6.84508679990275,31.2067027319092,14.574647873656
941,9.58769686272189,26.1934526197502,24.9464098312786
832,3.6370541209656,45.9722227176057,14.3350175506742
833,4.29549907611437,45.2890993642481,14.7157139603102
834,3.95218472459465,45.9431234375656,12.1850233238694
835,4.09876856079516,40.616650946661,10.5213528363688
820,3.52736528019858,48.0537130660104,12.9686660598561
946,8.95244219658832,26.4901377333316,22.0927089679791
947,8.46479770471654,25.6922213433272,21.6637376430799
948,7.83996150283624,26.3280040308619,17.5918018067678
949,5.81232880795153,29.9001190269167,12.3444740369176
829,3.11677227377139,48.0438686905221,9.89847891480061
943,8.75713824560263,29.9861597668588,22.2390417409534
944,8.75509525895223,28.6209486081811,23.3252306272756
945,7.032107877055,35.0004710008086,14.5013886604056
825,2.98027767523279,48.2011690275882,7.05727671738837
826,3.58301642178907,45.0873724293718,8.22656085307474
827,4.24781613977908,43.7685469908596,7.44600697409237
828,3.47592250977049,43.5051604931554,6.16145404545385
930,7.8715973019945,44.1225310288783,12.0967233120881
821,2.34652449792764,46.8534838922294,9.1841000886488
822,4.13489754108969,45.0562918867793,11.2488077912742
823,3.18331830634567,48.0874912946016,8.24567590722113
824,3.280388877708,45.4499123490933,8.04452138457141
939,4.92570714509501,38.488018637779,10.0678773722958
935,4.37284539982948,50.1588999204084,15.317099481424
936,8.44092047993181,48.5247946460955,14.5084647341733
937,15.3717623374251,47.9307201873545,21.8440007810189
931,6.18447363225932,40.6783234964266,7.25336237858239
932,9.66605244506604,49.1714875023339,16.1086164121452
933,14.3117517833346,50.6802148541443,22.2880510860136
934,6.3171806857079,40.6432550283073,10.481751559334
814,3.08845381521899,48.6062872161075,10.28323042463
815,3.65250250669928,47.7318559806338,10.4949140326803
816,2.84725987951776,48.1070865944212,10.8432748760282
810,4.76784988391276,45.9801889111972,16.5944368346101
811,2.83865584211257,47.9206695303232,9.71846854119289
812,2.7446406141221,49.6240921637147,13.8622505867894
813,3.10547731133535,48.247616608971,10.2459785282118
928,13.8879244238029,44.634844048241,31.2867802168114
924,12.6993106818934,53.1321840695328,34.359496087273
925,8.8896183060609,50.660993357069,23.2247188661009
926,10.3492236296244,43.0035757355976,26.0579997740107
927,13.4105364270211,40.3111636470341,28.8118058215473
807,5.86816536554706,45.2346812329014,20.9081000850582
808,5.43790167946106,46.3632127754679,21.6972967339891
920,6.77061022632055,45.7261896911801,16.8638563779208
921,10.4757021929274,40.5844741652021,28.3282918341148
809,5.14881197610566,47.7098001695017,25.542332835688
922,6.15227984778152,47.875763078516,16.6906817373346
923,5.2943815241842,50.6720454797411,21.3789616498777
803,5.0203777144866,48.0331373154603,27.1384974641223
804,2.71312211330527,49.6662843666833,16.3001512928133
805,4.25892673533439,48.1189840357412,20.8530687071721
806,6.8324154473457,45.363912490968,27.1723307655129
800,7.99792285831204,44.6837992101005,38.4584928435577
801,5.51905474625492,46.9027874148142,30.9902450248863
802,8.97338597643781,40.9349452611345,43.1435050985336
917,12.1405903346832,46.6736922661528,32.0469456563104
918,15.0446006035094,39.3621147481923,40.3242180634856
919,6.19780300505209,44.6595440428379,20.3892885158568
913,9.21409247774637,49.2006374399355,24.8015155228076
914,13.1609821618563,45.2409500279341,34.5706667960348
915,15.1825750966017,42.5869159002387,40.5944881465879
916,15.2994735240848,42.4664500810731,39.7846142961373
910,10.6622094265214,45.417963594815,30.0284320217422
911,13.7345357228082,42.0844852105969,37.397639266249
912,13.7576800817901,42.8105898950136,37.6406711251383
906,14.9991319536677,37.325191719359204,37.1276602704951
907,9.5724015705554,32.9920639067203,22.5417125783919
908,13.6384789961008,32.3269669831411,34.6023045577136
902,11.4343109224514,39.6280727626986,26.0444795427527
903,15.304700544919699,38.1944153320626,34.2396232955075
904,13.9214177410393,38.2873299994293,31.9109441880146
905,14.6995608855096,35.3926950945385,35.786929280729
087,9.08993655136353,39.0943248060846,24.3868492138491
088,10.9222211667269,39.1382523756791,20.6669525664858
900,15.4627349073961,38.3867030221485,37.8664992999616
089,10.6376233232091,38.9143159060762,24.9174772935655
083,10.5337723829028,40.0744867637888,17.439653047989
084,9.60100693941459,36.1709665851521,21.0151039478986
085,10.43531210135,39.8530650513538,20.7089877415749
086,10.8948385132421,39.4274945972817,24.055329386797
080,10.907845503138,39.4013230432782,23.0991230359704
081,12.0986768433418,35.3715601528383,33.2604825397055
082,9.18337843971885,39.4643425334343,19.0196657569358
197,11.263322778567,38.6525754368039,21.3976966628915
198,12.3276262136843,38.3272438188116,26.5575447114158
199,10.9568227049092,40.4593114272513,13.5847296751875
193,12.5683667481098,39.5763379218327,20.3331202145356
194,11.7778860135957,38.1861053452577,24.6688964275937
195,12.8105595223582,38.6031813792133,16.9424019673704
076,10.8249484886553,35.2673875038786,34.4821406288273
196,12.9200563728052,38.3098066213877,21.7144491323687
077,10.2288701676751,38.2529607653511,27.6994772396414
190,11.6897585330876,37.8460339433835,28.332573967576
078,9.84120446957667,38.7020470751846,16.6059117274965
191,12.0819061507581,35.1990136995329,33.525186916096
079,9.99184835366541,38.9566631309591,20.9004394475257
072,12.0856165910794,34.6279941696738,41.9122662981875
073,11.9566688161407,34.0996880038405,39.2327738915142
074,10.0003039306033,37.8863583196824,24.8853849973791
075,10.888644272485,35.5247358281767,35.0578976869046
070,11.1278541490036,35.8953620862646,35.5064181442319
071,11.8910183977964,34.0392891236162,38.5092337121147
186,9.40543293977275,38.295212138981,12.6909570472878
187,9.58983038230242,37.4900660900275,18.2385810371098
188,9.47313816055314,38.7932423961363,9.73394719621555
189,11.2863581234026,38.8501772612076,20.8527368066489
069,9.33972926307589,36.7211364450692,26.2451390140037
182,9.95562977475319,38.3900886584738,16.3760684349162
183,8.89026365280362,38.168554165158596,16.5791919370572
184,9.28199551424749,38.4274871337974,15.0768803300319
065,9.62050134493646,36.7321439862178,26.0716604637295
185,10.3825634014386,37.4841654706964,23.3008740045673
066,10.2382624417443,37.5904201622152,25.8367694403389
067,8.24578892521517,39.851984379622,13.897386876439
068,9.61055184464659,37.81315537498,24.1485164235651
180,11.8644214466375,38.2103482149862,18.6863980705043
061,9.23639597430878,37.4379887475232,25.4456736770661
181,12.0925876584916,38.189800391557,23.5410658489528
062,8.01863432863087,39.0916966869899,14.6779531812222
063,7.85747212458666,38.7355528126368,13.6812338964614
064,9.22226779601364,38.397200662166,21.2174599966531
060,8.22498187968354,39.054230255346,16.1025485537198
296,10.8313109680462,41.8601721352406,12.0615132670037
297,10.9159572594436,40.4603926599239,11.3239006525267
298,10.8134080363034,39.1967755135931,7.20359781094048
299,9.649889705442,37.5190019883343,9.72283626486815
179,11.5652920060362,38.8932896985556,14.912378064148
292,11.5003062950319,40.2820928121421,15.297324099234
293,11.3153999530856,41.2632119195802,11.9800592272288
294,9.23791661555792,37.3737816570073,9.72393541634724
175,13.5363365750998,39.6299910616186,19.0123487225779
295,10.1865753899973,39.4226705405289,9.13617740632763
176,13.5406725910439,39.505162320648,21.4435387845333
177,8.50122261556546,39.4252809431583,8.46594984192391
290,10.6574997018827,39.5392980473207,9.12196493379994
178,11.1259116286795,38.7374948066022,11.3730616583633
058,5.94416338643429,37.8036277294845,10.7502375822936
291,10.761803442781,39.2042602673522,8.31349680832869
059,5.82605674125945,37.7176875176025,11.3638279511178
171,12.5330462411053,38.4688774728496,20.1417380114236
172,11.2590013943974,40.6069355271648,10.4586702362194
173,12.3043652635436,40.7110330990973,14.7054963129911
174,13.3884504225926,39.8682475731142,24.6421785123994
054,6.18729804654481,38.4600004110966,9.71324703419828
056,6.06052231867697,37.9683301285016,9.9676784498067
057,6.67270227343392,37.9423035627757,10.2548402483453
170,11.8407688542552,39.204882146632,12.3533801622626
050,6.42033701716564,36.6970764114456,10.4578891949637
051,6.29527829193174,37.1739903591198,10.7331015479408
052,5.79823654544224,38.567289708377,11.8710511037319
053,5.67600147859002,38.1545828697851,10.6513653048935
289,9.05427078963859,43.3453586283473,8.04074552935829
285,9.52040423055585,39.3572692551612,10.6070604496187
286,10.4018320117114,42.7867712481802,11.7948723038203
287,8.46395467701906,43.8454835787779,10.3170644195263
168,9.95868251805369,39.8360058674954,11.3861825521866
288,10.7961007211575,41.7452329905632,17.6344748376219
281,11.5559040861131,42.2419773702751,11.8624494436589
169,7.86589575670164,39.8801227760049,7.18513809225598
282,12.0878327788641,42.2355486853738,24.2733511337105
283,10.8230634126563,40.7385974827056,9.09651165362321
284,9.83004313073664,39.3813959491297,9.64937120690234
164,10.7623635652532,40.2478548835288,12.7714246481762
165,10.9255929371077,39.0321016533018,17.7705678175552
166,10.9592961225442,39.7066526043994,12.7002166375439
047,4.9837440083336,33.5805386279124,5.35103417106544
167,8.42093840819125,40.5376882514008,10.5092071043886
160,12.1460770184722,39.0180998968561,17.0578082941595
048,5.20994294711135,33.8351125428662,6.76347664015524
280,11.6260631287949,42.4075391417693,14.1958246352553
049,5.94821421912619,35.8922732265563,9.58692787107939
161,11.617128256959,39.3588297441179,17.3635711193861
162,11.8464867313848,39.8073146513969,13.8676395824974
043,6.62119129501121,35.5159002825586,10.3103313133884
163,10.055278253644,40.2351845362513,12.9477067517199
044,5.33327540674912,34.574244311068,6.98449887417592
045,5.68172983251595,35.1308727385727,9.34498188460947
046,4.17954542422434,34.2060866781462,5.15031424752203
040,6.12623161668004,35.2232626714768,12.4970091024346
041,6.91639532900672,33.2249847411887,17.3025363203078
042,6.15328350309553,36.0302650492534,11.1259867821386
278,10.0247920529786,40.3122857511089,10.6796641958238
279,8.67230594053433,38.8485311913854,11.7210926221872
274,11.6721801751029,42.0407910206907,19.7139389921512
275,10.9337214368403,40.3354455065317,11.1963620470901
276,11.1805952882659,40.19743048164,18.6092682365244
157,12.1962704735148,39.7148604275233,12.4569365455488
277,11.1456653707219,40.1351492307558,18.1859469114657
270,11.520061016463,41.7847695150653,11.0405355137687
158,9.9683686415568,40.2948241841781,11.7713904265615
271,11.6459129999411,41.8696942697323,19.7896432708583
159,11.7893703349394,39.3662193384024,14.4806688365072
272,11.3734623825073,41.4584929001975,10.8803821113911
273,10.9723107109671,40.9825659845896,8.92765073234407
153,12.0434285318622,39.8007704951669,12.565415537437
154,12.0681081196525,39.9254167141865,13.5552054602884
155,10.3689115523162,40.4570124842107,12.033767526599
156,13.0583173878636,38.5668501766097,17.6742106248653
036,6.96593017443673,36.7038002221578,9.48766838472682
037,6.15305607831455,36.2250290029529,10.890116306692
150,12.4136054038921,38.4939841154979,18.2298819337703
038,6.32480254388799,36.8089748041518,11.63497302374
151,12.8505252476488,37.6232208592331,24.3450357862098
039,7.215729499208,35.825042844926,12.0520606543537
152,12.9974709111358,37.0720229020559,27.5892571203938
032,5.96297030673163,36.6123670007551,11.2142847354184
033,7.44742596119099,36.0137074509302,13.3801973336892
034,6.9455515347931,37.302198172763,9.51264052819174
035,5.47809986693513,38.126020734296,11.9101303427081
030,7.11861285645242,37.1998726736283,11.2369476267986
031,8.15650350605833,36.2403443046524,16.3935009660493
267,9.21067928818939,41.1980023396716,8.75861725905403
268,8.63076970630319,42.077317666856,10.6046286083905
263,11.1293514485134,39.3512134170689,9.58947226320529
264,10.7000086820957,39.7800693070533,9.09462693675954
265,11.2504795467749,40.6491905150305,10.2402860413968
146,9.43743094349923,35.6691233444147,22.0918519677451
266,9.61817340623942,39.0421307242376,10.3467236319483
147,9.07594395040957,40.3562219582012,12.6879927130712
260,12.3609892995192,40.1536185841297,13.2794564093638
148,7.82469308739825,39.3415702022891,8.11521975646976
261,11.6950928340289,39.5834727258062,10.3606421059765
149,7.70293752373245,38.2066181280757,9.21911463856542
262,8.2780607348588,41.0109530949681,11.1497723365367
142,10.4449311381272,39.129087212564,25.7757132561518
143,10.5684750628637,39.2438801564829,22.9157640020346
144,9.41287219132607,37.7352559837064,13.9343907510102
145,9.27433413433672,37.8076297161342,12.9139502911651
025,5.92021573419367,34.8981664329342,12.3934147928236
026,5.53089761171347,37.3589395509037,11.5718962296841
027,7.89034421913596,37.4564663141449,17.2473017415771
140,10.1365764345707,39.7188972852293,14.6444850206957
028,7.0542213086256504,37.5294086372508,14.9754836904283
141,10.1171782892709,39.6906255223058,14.0035393647922
021,9.26272494973167,33.4850104133537,26.5559753103616
022,10.4934729571741,30.0707738097458,33.2261164844321
023,7.99670144251398,36.8025580319828,16.6816443245306
024,9.69658002177765,33.4204623873867,28.7853601927461
020,8.28195974065763,35.9255593441323,18.7501910873232
256,9.37865103099218,41.1678545622485,9.37062771642047
257,12.5524399114578,40.0316253057758,15.2023988158914
258,9.61141216150338,41.3932710202791,11.8117669209711
259,8.43005678077279,42.0355413048802,11.363654534813
252,10.9466720879819,39.191851473119,9.87743869086708
253,11.2536609648318,39.7018937924184,12.3680856988361
254,11.7189611425061,39.9869830857385,11.8041176544905
255,11.2248644858453,40.1270001575496,10.197808689488
135,8.9363454644332,37.8841159977343,15.4603744304528
136,6.76171734386825,38.0200806957174,7.94940145544506
137,8.76013752649319,39.6295463814982,10.5558563264435
250,10.2906490541333,40.1819726438735,9.84078555197624
138,9.02068384519041,39.365013374354,10.2800991728989
029,8.82172942117182,37.4474956912585,24.2704072411061
251,10.4206001450885,40.3488687444033,9.88920365826575
131,8.72409493967323,37.999752517231,11.8497161951181
132,9.18244648290543,37.0926194255479,19.7626439122722
133,7.87030689929969,38.3745905182418,10.5546742296581
134,8.29122652993261,38.2011015434278,11.0954561804835
014,7.43410623300187,37.8734878580894,13.9246153377323
015,7.94862832339687,38.7296820423271,18.751248182345
016,8.7829922137065,39.0345442473648,23.9682982373406
017,7.86984167576197,36.3304078465553,21.9513914866793
130,8.68000762248276,38.3335866410982,12.0072134870685
010,7.66521642421724,38.776486534754,13.5143397974137
011,9.36839620874731,38.2811648138909,26.1356446029243
012,7.56263401858558,39.331904921694,13.5700724722625
013,7.36080528277712,38.1901596117535,10.2454009073456
366,10.6862708714676,39.3626408132096,12.6420724737911
367,11.4390129764348,38.6087584396088,7.77593096569206
368,12.0458297337314,40.2008376528742,8.07238802561188
369,10.4417464158273,37.2108853975089,6.79369500307495
139,9.77327663508524,38.9506517945972,13.3645211661074
362,11.6324382640285,40.3308162187947,6.93273051556351
363,11.2258094711455,39.5266867731876,7.55373625853433
364,10.9245018125024,39.5113473417153,6.46923246705752
245,10.8672118227064,40.6249274445761,9.45005285846308
365,10.4473891610643,39.578405016351,8.66833369674284
246,9.6501226892597,41.9642689846941,11.039732566728
247,9.63786715963058,42.4859635289915,12.657741474943
018,8.4158068911899,36.0911718382826,18.6169298605419
248,8.62353526012597,41.7737076512579,9.19172691180636
360,11.8848794369979,39.8262423310604,7.3406910176616
241,10.5984075023693,42.1075223208813,10.5912089328187
019,7.7719533210493,36.1988239722653,14.3490555957908
361,12.6659401119847,39.9744522906855,14.3651687847967
242,10.6051264643434,42.5260850584475,12.35635650769
243,10.5206617462971,42.3300710389927,12.4870368808857
244,9.2167561674531,41.6903634588978,12.5049578066319
124,7.57818782207415,39.8763737784628,12.5927224428486
125,8.94525262097881,38.3749711044958,14.1526790458829
126,9.99804677695045,37.7394228128943,18.6864628088573
127,8.4717215134246,39.3423524810711,13.0867491547143
240,10.6096164291093,41.8496744210354,11.3962649038053
120,8.13820093415377,37.5981010723391,13.3700429248489
121,7.43603985608361,38.4603035533324,12.8190456762647
122,8.79813888719878,36.0800461212351,22.6273129452565
123,8.47318978129549,34.892740591138,19.0932049371284
006,NA,NA,NA
355,11.6813640059223,39.2875974225454,7.25149037338317
356,11.530983317882,40.3371442451084,9.79901443327957
357,12.0687877135696,41.8140092599181,8.52942822361259
358,12.5743601309221,41.818126107594,13.1505323470877
249,8.21229972234504,42.1093860324445,11.3353913439965
351,12.441815790124,39.1725591733179,8.92553120837366
352,13.7197128203657,38.2040240809501,17.047572419778
234,9.73541713333733,39.5513313972768,14.5132055202968
354,11.7211361255551,37.780984853724,8.7917674027035
235,9.84828386873572,37.7443285122987,23.3593564127859
236,9.01729615437771,37.3192605282125,17.6128728828318
128,5.98138494492051,37.9857904574491,11.4504255222677
237,9.50773117720929,36.7100903853165,22.7972959915233
350,12.4388970302799,39.3090000525815,9.25301863849091
230,10.3472347671754,40.1902806125537,11.4923723689219
129,5.58035033970382,39.395317418489,9.25722275071234
231,10.2989702528145,39.8795517529165,12.8275329864781
232,10.8296533102968,40.3685060138545,22.6141721146062
233,9.71620862837609,39.5931235336623,15.2832917477925
113,11.0147219559357,32.8802762745459,39.0396026747027
114,10.3346242272854,33.6024069967131,37.6825494308986
115,9.77489519485479,34.9982365671998,32.7936481632408
116,9.31651898391522,32.5411867190619,30.06061315723
007,NA,NA,NA
008,NA,NA,NA
110,9.63922939068625,33.2832397701875,33.8345541240349
009,NA,NA,NA
111,12.1710159212376,31.3404189547531,43.8119183164263
112,11.3890510958354,33.9359078665846,39.4584821945314
359,12.4241630844356,41.3337833592162,8.51740656245513
344,7.97461679643376,38.0093373904489,11.9142713422916
346,8.3215208222824,38.8255289198368,13.1752703243527
238,10.1835909058643,40.4339513147084,10.7665803993669
347,7.79728498421771,39.0371023542765,14.0626554185696
239,10.6492706469091,40.7317190498381,8.84089113698734
395,9.75018229237346,39.5610510275411,10.6547952284925
341,5.99795065458229,35.7013473194744,11.5097406160547
396,10.1985069180495,39.0111290300729,7.19849887637019
342,7.94113241368327,38.0794691127191,10.4111978150322
